Week-1,Week-2,Week-3,Week-4,Week-5,Week-6,Week-7,Week-8,Week-9,Week-10,Week-11,Week-12,Week-13,Week-14,Week-15,Week-16,Week-17,Week-18,Week-19,Week-20,Week-21,Week-22,Week-23,Week-24,Week-25,Week-26,Week-27,Week-28,Week-29,Week-30,Week-31,Week-32,Week-33,Week-34,Week-35,Week-36,Week-37,Week-38,Week-39,Week-40,Week-41,Week-42,Week-43,Week-44,Week-45,Week-46,Week-47,Week-48,Week-49,Week-50,Week-51,Week-52
4.0,0.0,1.0,0.0,1.0,0.0,0.0,4.0,1.0,1.0,2.0,0.0,0.0,0.0,0.0,0.0,0.0,0.0,0.0,0.0,0.0,0.0,0.0,0.0,0.0,0.0,0.0,0.0,0.0,0.0,0.0,0.0,0.0,0.0,0.0,1.0,0.0,3.0,3.0,0.0,1.0,0.0,1.0,0.0,0.0,0.0,1.0,2.0,3.0,3.0,3.0,3.0
53.0,58.0,38.0,51.0,37.0,98.0,92.0,13.0,63.0,51.0,43.0,26.0,76.0,33.0,28.0,26.0,39.0,26.0,28.0,86.0,28.0,27.0,44.0,41.0,74.0,23.0,42.0,34.0,25.0,32.0,29.0,62.0,28.0,47.0,61.0,40.0,60.0,61.0,13.0,49.0,16.0,81.0,69.0,106.0,53.0,65.0,88.0,65.0,34.0,49.0,67.0,50.0
9.0,7.0,7.0,9.0,7.0,6.0,8.0,8.0,7.0,7.0,9.0,7.0,7.0,7.0,9.0,8.0,7.0,9.0,11.0,9.0,10.0,7.0,8.0,9.0,10.0,10.0,10.0,6.0,8.0,9.0,9.0,10.0,7.0,7.0,7.0,9.0,8.0,10.0,11.0,7.0,9.0,11.0,10.0,9.0,8.0,7.0,7.0,8.0,8.0,8.0,7.0,8.0
1162.0,1299.0,905.0,50.0,393.0,91.0,1750.0,391.0,166.0,756.0,60.0,87.0,18.0,247.0,247.0,33.0,245384.0,382.0,98.0,5.0,2.0,6.0,4.0,62.0,6.0,8.0,1958.0,128.0,1177.0,277.0,74.0,94.0,87.0,417.0,407.0,513.0,46.0,250.0,250.0,107.0,2909.0,1234.0,316.0,1248.0,42.0,323.0,7.0,1165.0,186.0,508.0,103.0,101.0
11.0,11.0,29.0,17.0,59.0,14.0,7.0,11.0,11.0,12.0,12.0,9.0,6.0,28.0,23.0,35.0,6.0,7.0,7.0,5.0,4.0,5.0,1.0,1.0,2.0,3.0,2.0,1.0,2.0,0.0,1.0,1.0,0.0,0.0,0.0,5.0,2.0,31.0,15.0,12.0,10.0,13.0,32.0,8.0,34.0,10.0,18.0,27.0,60.0,14.0,65.0,12.0
120.0,152.0,0.0,30.0,30.0,75.0,0.0,0.0,0.0,0.0,0.0,1.0,4.0,2.0,2.0,0.0,20.0,21.0,4.0,0.0,6.0,7.0,6.0,8.0,27.0,22.0,6.0,13.0,32.0,23.0,7.0,19.0,16.0,37.0,7.0,0.0,1.0,3.0,33.0,0.0,5.0,0.0,40.0,2.0,4.0,20.0,0.0,200.0,40.0,0.0,0.0,0.0
42.0,3.0,20.0,64.0,43.0,16.0,91.0,30.0,5.0,191.0,37.0,14.0,165.0,53.0,4.0,1.0,116.0,6.0,9.0,6.0,40.0,5.0,30.0,12.0,16.0,22.0,16.0,16.0,11.0,12.0,17.0,15.0,5.0,7.0,13.0,10.0,79.0,9.0,11.0,10.0,5.0,50.0,83.0,108.0,69.0,48.0,8.0,150.0,30.0,81.0,140.0,101.0
59.0,9.0,11.0,18.0,91.0,9.0,65.0,607.0,38.0,53.0,10.0,21.0,49.0,9.0,17.0,26.0,20.0,8.0,13.0,8.0,12.0,8.0,11.0,26.0,8.0,6.0,5.0,6.0,7.0,6.0,16.0,16.0,6.0,8.0,6.0,9.0,50.0,6.0,7.0,8.0,5.0,7.0,11.0,8.0,26.0,27.0,21.0,13.0,17.0,46.0,58.0,77.0
11.0,62.0,22.0,53.0,52.0,62.0,18.0,46.0,24.0,33.0,13.0,37.0,51.0,24.0,30.0,32.0,19.0,5.0,5.0,2.0,1.0,1.0,0.0,0.0,0.0,0.0,3.0,37.0,75.0,24.0,19.0,9.0,27.0,33.0,25.0,30.0,44.0,45.0,20.0,22.0,43.0,26.0,68.0,17.0,10.0,45.0,13.0,21.0,35.0,85.0,23.0,63.0
0.0,0.0,0.0,0.0,0.0,0.0,0.0,0.0,0.0,0.0,0.0,0.0,0.0,0.0,0.0,0.0,0.0,0.0,4.0,3.0,4.0,3.0,2.0,2.0,2.0,6.0,3.0,6.0,3.0,6.0,4.0,1.0,4.0,4.0,5.0,3.0,2.0,1.0,1.0,0.0,1.0,0.0,0.0,0.0,0.0,0.0,0.0,1.0,0.0,0.0,0.0,0.0
41.0,45.0,430.0,9.0,3.0,8.0,116.0,6.0,48.0,14.0,10.0,21.0,0.0,6.0,6.0,1.0,2.0,4.0,2.0,1.0,16.0,1.0,3.0,0.0,0.0,0.0,78.0,1.0,5.0,13.0,15.0,9.0,6.0,5.0,6.0,13.0,23.0,12.0,9.0,3.0,5.0,0.0,1.0,1.0,1.0,5.0,6.0,8.0,2.0,0.0,2.0,2.0
353.0,261.0,169.0,133.0,120.0,424.0,271.0,214.0,3.0,141.0,377.0,254.0,192.0,120.0,88.0,301.0,96.0,245.0,278.0,1868.0,62.0,27.0,7.0,8.0,0.0,0.0,8.0,23.0,34.0,291.0,971.0,177.0,129.0,640.0,200.0,56.0,481.0,50.0,110.0,333.0,871.0,191.0,286.0,244.0,312.0,86.0,321.0,484.0,90.0,69.0,222.0,123.0
11.0,16.0,12.0,11.0,11.0,11.0,9.0,13.0,8.0,10.0,8.0,10.0,45.0,26.0,14.0,12.0,24.0,14.0,31.0,21.0,24.0,15.0,23.0,29.0,12.0,22.0,40.0,31.0,22.0,40.0,84.0,20.0,39.0,25.0,31.0,29.0,50.0,25.0,28.0,20.0,28.0,17.0,37.0,18.0,9.0,22.0,18.0,11.0,16.0,15.0,8.0,10.0
64.0,58.0,23.0,1034.0,32.0,61.0,203.0,48.0,40.0,142.0,30.0,109.0,106.0,41.0,45.0,32.0,56.0,39.0,28.0,23.0,23.0,40.0,13.0,29.0,50.0,28.0,3.0,19.0,13.0,19.0,16.0,7.0,10.0,12.0,3.0,50.0,26.0,21.0,40.0,71.0,50.0,112.0,82.0,79.0,81.0,63.0,127.0,18.0,63.0,50.0,127.0,54.0
4.0,1.0,2.0,1.0,2.0,1.0,2.0,6.0,1.0,0.0,1.0,1.0,1.0,5.0,2.0,1.0,0.0,0.0,0.0,0.0,0.0,1.0,0.0,0.0,0.0,0.0,0.0,2.0,2.0,1.0,0.0,2.0,0.0,15.0,4.0,7.0,7.0,8.0,4.0,3.0,2.0,7.0,4.0,5.0,6.0,0.0,2.0,0.0,0.0,1.0,1.0,1.0
0.0,0.0,0.0,0.0,0.0,0.0,0.0,0.0,0.0,0.0,0.0,0.0,0.0,0.0,0.0,0.0,0.0,0.0,0.0,0.0,0.0,0.0,0.0,0.0,0.0,0.0,0.0,0.0,0.0,0.0,1.0,1.0,0.0,0.0,0.0,0.0,1.0,1.0,1.0,0.0,1.0,0.0,0.0,1.0,0.0,0.0,0.0,1.0,0.0,0.0,0.0,0.0
1.0,0.0,0.0,0.0,0.0,0.0,0.0,0.0,0.0,0.0,0.0,0.0,0.0,0.0,0.0,0.0,0.0,0.0,0.0,0.0,0.0,0.0,0.0,0.0,0.0,0.0,0.0,0.0,0.0,0.0,0.0,1.0,1.0,1.0,0.0,2.0,0.0,0.0,1.0,1.0,0.0,1.0,0.0,4.0,7.0,7.0,2.0,2.0,5.0,4.0,4.0,6.0
1.0,2.0,1.0,1.0,2.0,2.0,1.0,0.0,0.0,3.0,1.0,2.0,1.0,3.0,0.0,0.0,2.0,12.0,22.0,11.0,16.0,18.0,18.0,18.0,53.0,23.0,24.0,18.0,15.0,21.0,14.0,20.0,15.0,11.0,25.0,20.0,24.0,20.0,10.0,7.0,5.0,4.0,0.0,2.0,3.0,1.0,1.0,1.0,0.0,2.0,2.0,5.0
14.0,11.0,8.0,15.0,9.0,7.0,7.0,17.0,21.0,10.0,22.0,7.0,8.0,11.0,7.0,14.0,7.0,10.0,25.0,12.0,19.0,35.0,12.0,19.0,29.0,24.0,28.0,33.0,12.0,20.0,23.0,13.0,26.0,16.0,15.0,11.0,11.0,17.0,13.0,28.0,16.0,18.0,14.0,10.0,10.0,12.0,10.0,14.0,5.0,26.0,7.0,12.0
6279.0,570.0,917.0,448.0,151.0,293.0,2051.0,276.0,184.0,43.0,31.0,63.0,29.0,46.0,2.0,4.0,11.0,3.0,2.0,5.0,0.0,0.0,0.0,0.0,0.0,0.0,0.0,0.0,2.0,0.0,0.0,0.0,0.0,0.0,0.0,0.0,0.0,0.0,0.0,0.0,14.0,7.0,1.0,28.0,249.0,230.0,1820.0,506.0,456.0,578.0,1176.0,1679.0
7.0,10.0,6.0,9.0,7.0,6.0,3.0,5.0,5.0,6.0,8.0,7.0,5.0,3.0,8.0,7.0,9.0,12.0,24.0,77.0,30.0,17.0,17.0,24.0,14.0,13.0,8.0,12.0,23.0,27.0,19.0,8.0,16.0,12.0,18.0,18.0,12.0,6.0,5.0,6.0,5.0,4.0,1.0,6.0,3.0,3.0,2.0,4.0,7.0,3.0,1.0,3.0
92.0,95.0,48.0,26.0,5.0,57.0,30.0,28.0,31.0,118.0,57.0,40.0,159.0,64.0,50.0,67.0,40.0,95.0,67.0,91.0,87.0,58.0,233.0,71.0,99.0,159.0,200.0,52.0,70.0,164.0,51.0,200.0,110.0,67.0,45.0,21.0,125.0,17.0,90.0,46.0,17.0,14.0,34.0,4.0,22.0,34.0,14.0,19.0,43.0,57.0,3.0,55.0
2.0,2.0,3.0,0.0,3.0,2.0,1.0,5.0,0.0,1.0,2.0,0.0,4.0,1.0,4.0,3.0,5.0,4.0,13.0,8.0,15.0,16.0,10.0,8.0,16.0,7.0,19.0,5.0,14.0,11.0,9.0,9.0,30.0,9.0,8.0,3.0,7.0,4.0,1.0,3.0,4.0,8.0,6.0,8.0,3.0,4.0,1.0,3.0,3.0,1.0,1.0,3.0
0.0,0.0,0.0,0.0,0.0,0.0,0.0,0.0,0.0,0.0,0.0,0.0,0.0,0.0,0.0,1.0,4.0,9.0,53.0,22.0,4.0,5.0,0.0,4.0,2.0,0.0,9.0,1.0,1.0,14.0,5.0,45.0,2.0,1.0,0.0,1.0,0.0,0.0,0.0,0.0,0.0,0.0,0.0,0.0,0.0,0.0,0.0,0.0,0.0,0.0,0.0,0.0
366.0,68.0,148.0,68.0,214.0,294.0,70.0,79.0,238.0,459.0,272.0,128.0,126.0,187.0,83.0,174.0,37.0,80.0,19.0,42.0,31.0,17.0,23.0,13.0,21.0,32.0,7.0,10.0,82.0,50.0,61.0,91.0,37.0,97.0,172.0,82.0,51.0,81.0,56.0,187.0,101.0,98.0,219.0,243.0,656.0,105.0,294.0,299.0,66.0,427.0,408.0,251.0
50.0,9.0,16.0,27.0,31.0,19.0,17.0,25.0,26.0,27.0,41.0,51.0,28.0,12.0,33.0,26.0,6.0,3.0,7.0,0.0,16.0,0.0,0.0,0.0,0.0,0.0,0.0,26.0,65.0,21.0,7.0,30.0,30.0,17.0,15.0,6.0,17.0,22.0,16.0,29.0,46.0,25.0,35.0,16.0,67.0,51.0,14.0,11.0,29.0,41.0,7.0,3.0
323.0,36.0,10.0,56.0,13.0,18.0,13.0,307.0,8.0,41.0,32.0,8.0,23.0,4.0,5.0,3.0,3.0,2.0,0.0,1.0,0.0,0.0,0.0,0.0,0.0,0.0,0.0,0.0,0.0,0.0,0.0,0.0,0.0,0.0,1.0,0.0,0.0,0.0,1.0,0.0,3.0,5.0,8.0,8.0,11.0,11.0,13.0,14.0,18.0,18.0,26.0,8.0
51.0,104.0,161.0,82.0,120.0,119.0,38.0,41.0,46.0,31.0,39.0,20.0,17.0,35.0,63.0,54.0,58.0,42.0,34.0,45.0,11.0,18.0,35.0,50.0,53.0,41.0,19.0,19.0,42.0,31.0,28.0,37.0,32.0,88.0,98.0,10.0,57.0,95.0,260.0,70.0,40.0,91.0,118.0,91.0,80.0,215.0,90.0,142.0,254.0,63.0,110.0,233.0
89.0,71.0,32.0,17.0,80.0,23.0,34.0,63.0,94.0,66.0,53.0,43.0,35.0,29.0,69.0,41.0,57.0,33.0,18.0,59.0,19.0,57.0,65.0,53.0,20.0,29.0,35.0,21.0,16.0,30.0,51.0,62.0,43.0,27.0,35.0,22.0,36.0,46.0,26.0,26.0,36.0,8.0,15.0,29.0,15.0,10.0,37.0,14.0,14.0,7.0,42.0,19.0
2.0,3.0,1.0,4.0,4.0,1.0,6.0,1.0,2.0,2.0,4.0,3.0,3.0,5.0,2.0,3.0,2.0,6.0,6.0,8.0,8.0,2.0,1.0,0.0,0.0,0.0,0.0,4.0,11.0,15.0,3.0,15.0,9.0,5.0,9.0,9.0,6.0,10.0,3.0,8.0,5.0,5.0,2.0,5.0,4.0,3.0,2.0,2.0,3.0,1.0,2.0,2.0
7.0,4.0,4.0,7.0,7.0,6.0,2.0,3.0,8.0,6.0,11.0,11.0,14.0,9.0,10.0,22.0,20.0,21.0,14.0,20.0,14.0,15.0,16.0,14.0,22.0,21.0,10.0,8.0,20.0,13.0,9.0,12.0,8.0,16.0,14.0,8.0,3.0,14.0,7.0,5.0,8.0,12.0,9.0,8.0,9.0,9.0,6.0,11.0,10.0,4.0,6.0,4.0
1.0,3.0,3.0,4.0,5.0,1.0,5.0,3.0,0.0,2.0,1.0,0.0,0.0,2.0,0.0,0.0,4.0,4.0,1.0,4.0,5.0,2.0,0.0,1.0,0.0,0.0,0.0,2.0,0.0,0.0,0.0,0.0,3.0,1.0,0.0,1.0,2.0,2.0,0.0,0.0,0.0,4.0,4.0,2.0,2.0,1.0,0.0,0.0,1.0,0.0,1.0,0.0
0.0,0.0,0.0,0.0,0.0,1.0,0.0,0.0,0.0,2.0,2.0,0.0,4.0,0.0,1.0,0.0,1.0,0.0,0.0,0.0,1.0,2.0,2.0,2.0,2.0,0.0,0.0,0.0,6.0,7.0,5.0,5.0,7.0,4.0,3.0,1.0,0.0,1.0,0.0,0.0,0.0,4.0,0.0,0.0,0.0,3.0,1.0,0.0,0.0,0.0,0.0,0.0
25.0,28.0,20.0,23.0,31.0,23.0,42.0,41.0,31.0,30.0,27.0,26.0,28.0,28.0,38.0,37.0,31.0,31.0,23.0,19.0,22.0,24.0,29.0,20.0,21.0,23.0,28.0,31.0,37.0,34.0,26.0,23.0,32.0,37.0,28.0,53.0,68.0,28.0,29.0,23.0,25.0,32.0,34.0,20.0,27.0,35.0,31.0,35.0,20.0,34.0,34.0,55.0
1308.0,419.0,254.0,1071.0,2152.0,1316.0,935.0,65.0,218.0,358.0,1025.0,682.0,273.0,369.0,177.0,569.0,6272.0,292.0,71.0,23.0,8.0,5.0,0.0,0.0,1.0,2.0,6.0,1.0,3.0,4.0,0.0,5.0,21.0,8.0,10.0,14.0,19.0,12.0,18.0,43.0,38.0,34.0,135.0,1252.0,21.0,135.0,280.0,481.0,91.0,267.0,66.0,2634.0
31.0,28.0,48.0,26.0,26.0,34.0,20.0,33.0,27.0,30.0,27.0,13.0,35.0,25.0,9.0,14.0,16.0,22.0,16.0,12.0,17.0,9.0,17.0,16.0,20.0,29.0,37.0,15.0,11.0,22.0,20.0,27.0,28.0,35.0,38.0,41.0,42.0,19.0,13.0,15.0,20.0,19.0,20.0,23.0,36.0,31.0,19.0,37.0,25.0,39.0,18.0,25.0
6.0,8.0,8.0,9.0,7.0,9.0,12.0,6.0,7.0,5.0,7.0,6.0,7.0,5.0,3.0,5.0,3.0,3.0,0.0,0.0,0.0,0.0,0.0,0.0,1.0,0.0,0.0,0.0,0.0,0.0,0.0,0.0,0.0,0.0,0.0,1.0,0.0,0.0,1.0,4.0,10.0,5.0,7.0,6.0,5.0,7.0,8.0,6.0,11.0,8.0,11.0,8.0
6.0,8.0,9.0,1.0,4.0,6.0,7.0,3.0,15.0,4.0,0.0,2.0,6.0,1.0,4.0,5.0,4.0,17.0,8.0,3.0,6.0,19.0,7.0,7.0,10.0,14.0,23.0,13.0,25.0,17.0,40.0,42.0,78.0,38.0,27.0,53.0,75.0,43.0,17.0,21.0,39.0,12.0,41.0,20.0,15.0,8.0,23.0,5.0,9.0,20.0,1.0,10.0
19.0,1.0,1.0,0.0,0.0,2.0,1.0,0.0,1.0,0.0,6.0,150.0,0.0,166.0,421.0,6032.0,899.0,51576.0,3.0,10506.0,16298.0,5484.0,8287.0,2.0,1.0,3049.0,2683.0,2.0,3521.0,9050.0,77505.0,33000.0,108010.0,38064.0,16290.0,8213.0,4532.0,1764.0,39.0,99.0,16.0,14.0,3.0,6.0,1.0,3.0,3.0,0.0,0.0,0.0,0.0,0.0
0.0,0.0,0.0,0.0,0.0,1.0,0.0,2.0,0.0,0.0,1.0,0.0,0.0,1.0,0.0,0.0,0.0,1.0,6.0,5.0,8.0,0.0,1.0,0.0,0.0,0.0,0.0,0.0,0.0,2.0,0.0,2.0,0.0,0.0,0.0,1.0,0.0,2.0,0.0,0.0,0.0,0.0,0.0,0.0,0.0,0.0,0.0,0.0,0.0,0.0,0.0,0.0
10.0,2.0,4.0,0.0,0.0,0.0,0.0,0.0,0.0,2.0,1.0,0.0,0.0,0.0,3.0,0.0,0.0,0.0,0.0,0.0,1.0,0.0,0.0,0.0,0.0,0.0,0.0,1.0,0.0,0.0,31.0,34.0,36.0,0.0,1.0,2.0,59.0,37.0,2.0,14.0,4.0,0.0,0.0,55.0,38.0,13.0,149.0,42.0,5.0,1.0,17.0,14.0
555.0,488.0,321.0,592.0,415.0,962.0,31.0,1605.0,1595.0,745.0,457.0,80.0,243.0,87.0,83.0,32.0,16.0,22.0,20.0,16.0,68.0,15.0,16.0,12.0,54.0,30.0,85.0,31.0,16.0,17.0,17.0,13.0,19.0,29.0,10.0,17.0,7.0,28.0,7.0,5.0,43.0,59.0,234.0,938.0,134.0,57.0,50.0,596.0,2233.0,336.0,108.0,302.0
15.0,12.0,13.0,16.0,15.0,10.0,9.0,18.0,15.0,12.0,8.0,10.0,21.0,8.0,11.0,13.0,21.0,11.0,20.0,17.0,16.0,17.0,13.0,16.0,16.0,19.0,19.0,9.0,16.0,16.0,18.0,20.0,20.0,15.0,18.0,16.0,21.0,20.0,13.0,22.0,13.0,24.0,13.0,10.0,8.0,16.0,7.0,13.0,11.0,11.0,7.0,19.0
0.0,0.0,0.0,0.0,0.0,0.0,0.0,0.0,0.0,0.0,0.0,0.0,1.0,0.0,0.0,3.0,1.0,1.0,1.0,6.0,15.0,9.0,11.0,9.0,19.0,15.0,18.0,4.0,2.0,8.0,0.0,5.0,4.0,2.0,2.0,4.0,0.0,1.0,0.0,0.0,0.0,0.0,0.0,0.0,0.0,0.0,0.0,0.0,0.0,0.0,0.0,0.0
14.0,20.0,13.0,6.0,9.0,9.0,7.0,6.0,5.0,12.0,6.0,8.0,10.0,11.0,6.0,5.0,6.0,8.0,3.0,9.0,3.0,1.0,2.0,3.0,3.0,0.0,0.0,0.0,0.0,0.0,2.0,2.0,1.0,4.0,1.0,11.0,4.0,6.0,8.0,22.0,8.0,12.0,12.0,17.0,9.0,8.0,8.0,14.0,6.0,13.0,8.0,23.0
55.0,27.0,56.0,537.0,5.0,10.0,111.0,26.0,157.0,32.0,247.0,11.0,86.0,11.0,18.0,125.0,21.0,92.0,128.0,53.0,31.0,48.0,49.0,27.0,40.0,22.0,27.0,46.0,46.0,46.0,104.0,42.0,17.0,408.0,16.0,47.0,18.0,7027.0,51.0,417.0,134.0,76.0,57.0,192.0,117.0,12.0,106.0,92.0,303.0,96.0,27.0,188.0
1.0,4.0,3.0,3.0,3.0,1.0,4.0,4.0,5.0,4.0,5.0,5.0,26.0,7.0,22.0,29.0,17.0,8.0,10.0,7.0,9.0,4.0,6.0,7.0,12.0,12.0,10.0,22.0,26.0,29.0,31.0,21.0,29.0,21.0,26.0,23.0,27.0,10.0,8.0,5.0,4.0,1.0,0.0,0.0,0.0,0.0,0.0,0.0,0.0,0.0,0.0,1.0
0.0,0.0,0.0,0.0,0.0,0.0,0.0,0.0,0.0,0.0,0.0,0.0,0.0,0.0,0.0,0.0,0.0,0.0,0.0,0.0,2.0,1.0,0.0,2.0,1.0,0.0,0.0,0.0,0.0,0.0,0.0,0.0,0.0,0.0,0.0,6.0,0.0,0.0,3.0,4.0,3.0,0.0,1.0,0.0,0.0,0.0,0.0,0.0,0.0,0.0,0.0,0.0
0.0,0.0,1.0,0.0,2.0,4.0,0.0,2.0,3.0,0.0,0.0,0.0,0.0,0.0,4.0,3.0,1.0,2.0,11.0,8.0,10.0,14.0,13.0,8.0,10.0,10.0,7.0,11.0,7.0,14.0,7.0,5.0,7.0,6.0,6.0,3.0,1.0,3.0,7.0,2.0,4.0,0.0,0.0,0.0,1.0,0.0,0.0,0.0,0.0,1.0,0.0,0.0
1.0,0.0,0.0,1.0,0.0,0.0,0.0,0.0,1.0,1.0,0.0,1.0,2.0,5.0,6.0,4.0,18.0,16.0,23.0,19.0,24.0,16.0,19.0,18.0,32.0,36.0,12.0,15.0,10.0,25.0,17.0,16.0,14.0,13.0,11.0,4.0,9.0,7.0,5.0,5.0,5.0,2.0,4.0,1.0,1.0,3.0,0.0,2.0,0.0,1.0,0.0,1.0
0.0,0.0,0.0,0.0,0.0,0.0,0.0,0.0,0.0,1.0,0.0,1.0,0.0,0.0,0.0,4.0,3.0,1.0,0.0,0.0,0.0,0.0,0.0,0.0,0.0,0.0,0.0,2.0,2.0,4.0,6.0,12.0,17.0,22.0,25.0,18.0,21.0,8.0,15.0,1.0,3.0,1.0,0.0,0.0,0.0,0.0,0.0,0.0,0.0,0.0,0.0,0.0
35.0,137.0,93.0,79.0,0.0,53.0,32.0,100.0,71.0,54.0,0.0,0.0,0.0,0.0,0.0,0.0,0.0,0.0,0.0,0.0,0.0,0.0,0.0,0.0,0.0,0.0,0.0,0.0,0.0,0.0,0.0,0.0,0.0,0.0,0.0,0.0,0.0,0.0,0.0,0.0,0.0,0.0,0.0,0.0,0.0,0.0,0.0,0.0,0.0,0.0,0.0,115.0
5.0,2.0,2.0,2.0,1.0,2.0,1.0,2.0,4.0,3.0,2.0,1.0,4.0,2.0,5.0,8.0,0.0,1.0,5.0,4.0,4.0,2.0,3.0,0.0,9.0,2.0,3.0,1.0,2.0,4.0,2.0,3.0,1.0,5.0,4.0,1.0,1.0,4.0,5.0,6.0,2.0,3.0,2.0,4.0,2.0,6.0,1.0,3.0,2.0,4.0,2.0,4.0
13.0,11.0,11.0,15.0,13.0,14.0,11.0,11.0,15.0,9.0,5.0,11.0,23.0,12.0,14.0,18.0,12.0,19.0,12.0,20.0,16.0,29.0,15.0,13.0,17.0,13.0,28.0,14.0,32.0,21.0,14.0,16.0,16.0,16.0,20.0,11.0,13.0,14.0,12.0,16.0,9.0,15.0,14.0,14.0,13.0,11.0,19.0,12.0,13.0,12.0,7.0,12.0
40.0,24.0,35.0,24.0,23.0,44.0,31.0,39.0,32.0,43.0,42.0,26.0,33.0,25.0,37.0,19.0,39.0,38.0,39.0,48.0,44.0,37.0,27.0,36.0,34.0,28.0,29.0,30.0,28.0,50.0,25.0,42.0,26.0,39.0,26.0,35.0,33.0,35.0,27.0,29.0,49.0,39.0,36.0,39.0,27.0,35.0,31.0,27.0,32.0,71.0,35.0,41.0
0.0,0.0,1.0,2.0,0.0,0.0,0.0,0.0,1.0,1.0,1.0,4.0,9.0,9.0,14.0,17.0,23.0,29.0,35.0,33.0,14.0,24.0,15.0,38.0,75.0,59.0,20.0,38.0,28.0,60.0,33.0,25.0,24.0,12.0,16.0,6.0,6.0,2.0,5.0,2.0,0.0,2.0,0.0,0.0,0.0,0.0,0.0,0.0,0.0,0.0,0.0,0.0
435.0,521.0,49.0,154.0,1077.0,230.0,106.0,144.0,396.0,106.0,42.0,808.0,82.0,77.0,84.0,18.0,53.0,42.0,36.0,35.0,30.0,47.0,69.0,65.0,35.0,20.0,263.0,43.0,114.0,93.0,38.0,13.0,202.0,182.0,94.0,99.0,235.0,44.0,7.0,126.0,65.0,59.0,71.0,117.0,462.0,97.0,583.0,380.0,155.0,821.0,265.0,114.0
106.0,120.0,190.0,111.0,77.0,161.0,121.0,60.0,229.0,24.0,117.0,34.0,51.0,213.0,138.0,102.0,50.0,69.0,70.0,43.0,67.0,31.0,51.0,44.0,84.0,32.0,80.0,67.0,167.0,42.0,41.0,46.0,30.0,38.0,91.0,50.0,61.0,85.0,45.0,22.0,109.0,122.0,30.0,44.0,35.0,42.0,112.0,105.0,277.0,41.0,131.0,617.0
201.0,625.0,161.0,194.0,31.0,383.0,224.0,70.0,106.0,130.0,93.0,249.0,79.0,347.0,241.0,327.0,3349.0,21.0,2.0,265.0,39.0,18.0,14.0,90.0,332.0,79.0,517.0,120.0,236.0,213.0,410.0,199.0,39.0,189.0,234.0,905.0,100.0,156.0,133.0,188.0,1965.0,168.0,165.0,845.0,103.0,430.0,4.0,816.0,6.0,843.0,12.0,504.0
0.0,0.0,0.0,0.0,0.0,0.0,0.0,0.0,0.0,0.0,0.0,0.0,0.0,0.0,0.0,0.0,1.0,1.0,0.0,5.0,41.0,26.0,131.0,66.0,48.0,64.0,78.0,44.0,22.0,31.0,27.0,31.0,84.0,51.0,41.0,24.0,2.0,2.0,0.0,0.0,0.0,1.0,0.0,0.0,0.0,0.0,0.0,0.0,0.0,0.0,0.0,0.0
6.0,12.0,10.0,17.0,9.0,14.0,24.0,16.0,19.0,14.0,15.0,15.0,7.0,11.0,12.0,12.0,4.0,18.0,9.0,1.0,10.0,4.0,8.0,10.0,6.0,2.0,8.0,8.0,5.0,1.0,8.0,7.0,19.0,5.0,11.0,8.0,7.0,2.0,7.0,7.0,3.0,5.0,4.0,12.0,7.0,8.0,5.0,11.0,10.0,7.0,26.0,40.0
189.0,256.0,18.0,33.0,417.0,197.0,151.0,3358.0,102.0,405.0,29.0,53.0,143.0,18.0,39.0,173.0,17.0,25.0,45.0,12.0,13.0,17.0,8.0,5.0,9.0,16.0,13.0,12.0,9.0,3.0,7.0,12.0,20.0,15.0,5.0,23.0,30.0,14.0,14.0,74.0,26.0,23.0,8.0,42.0,144.0,24.0,42.0,28.0,83.0,187.0,407.0,56.0
5.0,3.0,5.0,5.0,4.0,15.0,2.0,1.0,3.0,10.0,4.0,1.0,8.0,11.0,1.0,5.0,1.0,5.0,5.0,2.0,8.0,8.0,3.0,1.0,3.0,0.0,2.0,3.0,1.0,0.0,1.0,1.0,0.0,4.0,0.0,2.0,2.0,4.0,3.0,3.0,4.0,7.0,8.0,2.0,3.0,3.0,1.0,1.0,3.0,4.0,4.0,5.0
205.0,24.0,223.0,47.0,60.0,53.0,18.0,80.0,37.0,260.0,56.0,32.0,42.0,77.0,48.0,48.0,168.0,51.0,97.0,113.0,37.0,22.0,91.0,82.0,81.0,39.0,16.0,7.0,22.0,14.0,30.0,109.0,7.0,36.0,10.0,80.0,55.0,82.0,94.0,37.0,31.0,17.0,178.0,74.0,17.0,22.0,9.0,13.0,49.0,65.0,5.0,0.0
57.0,29.0,18.0,102.0,19.0,26.0,69.0,37.0,19.0,98.0,11.0,35.0,23.0,27.0,33.0,69.0,74.0,46.0,46.0,24.0,49.0,28.0,78.0,67.0,53.0,30.0,58.0,52.0,31.0,19.0,15.0,17.0,30.0,21.0,36.0,51.0,15.0,23.0,30.0,28.0,21.0,56.0,41.0,35.0,27.0,118.0,8.0,89.0,23.0,23.0,24.0,444.0
7.0,4.0,4.0,5.0,4.0,8.0,10.0,7.0,7.0,4.0,9.0,4.0,5.0,3.0,3.0,4.0,9.0,6.0,8.0,4.0,13.0,10.0,9.0,6.0,11.0,9.0,11.0,9.0,7.0,14.0,11.0,18.0,12.0,11.0,18.0,5.0,9.0,11.0,11.0,4.0,2.0,7.0,11.0,10.0,2.0,11.0,3.0,7.0,6.0,3.0,3.0,8.0
3.0,0.0,0.0,0.0,1.0,0.0,2.0,1.0,0.0,2.0,0.0,1.0,1.0,1.0,1.0,2.0,3.0,4.0,7.0,5.0,10.0,9.0,13.0,14.0,17.0,18.0,10.0,14.0,17.0,11.0,9.0,9.0,14.0,9.0,5.0,6.0,5.0,9.0,5.0,4.0,6.0,1.0,5.0,3.0,1.0,0.0,1.0,0.0,2.0,3.0,6.0,2.0
2.0,4.0,5.0,5.0,1.0,1.0,1.0,0.0,0.0,0.0,0.0,0.0,0.0,0.0,0.0,0.0,0.0,0.0,0.0,0.0,0.0,0.0,0.0,0.0,0.0,0.0,0.0,0.0,0.0,0.0,0.0,0.0,0.0,0.0,0.0,0.0,0.0,0.0,0.0,0.0,0.0,0.0,0.0,0.0,0.0,0.0,0.0,0.0,0.0,0.0,0.0,0.0
7.0,2.0,4.0,7.0,20.0,12.0,8.0,7.0,7.0,8.0,3.0,5.0,10.0,7.0,11.0,29.0,27.0,7.0,2.0,1.0,0.0,1.0,0.0,0.0,0.0,2.0,7.0,7.0,11.0,8.0,17.0,22.0,15.0,19.0,38.0,21.0,23.0,20.0,13.0,11.0,7.0,9.0,13.0,8.0,10.0,10.0,5.0,2.0,9.0,5.0,8.0,2.0
11.0,6.0,12.0,16.0,5.0,9.0,9.0,3.0,4.0,7.0,6.0,11.0,8.0,19.0,11.0,11.0,8.0,10.0,9.0,21.0,12.0,17.0,15.0,18.0,11.0,17.0,21.0,30.0,36.0,50.0,18.0,33.0,52.0,16.0,10.0,19.0,17.0,6.0,3.0,9.0,10.0,19.0,18.0,16.0,20.0,25.0,6.0,9.0,11.0,8.0,14.0,2.0
8.0,7.0,7.0,1.0,2005.0,6000.0,105.0,2600.0,4100.0,2704.0,3000.0,0.0,0.0,0.0,3.0,4.0,0.0,3.0,0.0,0.0,62.0,0.0,0.0,0.0,4.0,0.0,95.0,4.0,11.0,83.0,4.0,5.0,3.0,294.0,201.0,32.0,43.0,12.0,2812.0,113.0,75.0,25.0,24.0,7.0,21.0,12.0,19.0,82.0,10.0,2.0,0.0,29.0
4.0,0.0,0.0,1.0,5.0,1.0,2.0,7.0,3.0,0.0,0.0,0.0,0.0,0.0,0.0,7.0,3.0,0.0,0.0,0.0,0.0,0.0,0.0,0.0,0.0,0.0,0.0,1.0,1.0,0.0,0.0,0.0,0.0,2.0,1.0,2.0,2.0,0.0,0.0,1.0,0.0,6.0,5.0,5.0,3.0,0.0,1.0,3.0,2.0,0.0,0.0,0.0
5.0,0.0,0.0,0.0,1.0,2.0,5.0,2.0,1.0,11.0,11.0,35.0,15.0,36.0,17.0,61.0,41.0,16.0,20.0,21.0,28.0,14.0,17.0,20.0,44.0,17.0,18.0,11.0,10.0,22.0,34.0,16.0,21.0,10.0,16.0,13.0,10.0,13.0,11.0,5.0,4.0,5.0,5.0,1.0,2.0,3.0,2.0,6.0,3.0,2.0,3.0,10.0
13.0,13.0,13.0,11.0,21.0,19.0,16.0,275.0,12.0,7.0,20.0,9.0,35.0,8.0,45.0,16.0,14.0,19.0,25.0,34.0,28.0,15.0,15.0,47.0,14.0,21.0,10.0,9.0,16.0,21.0,18.0,34.0,21.0,30.0,72.0,27.0,33.0,12.0,48.0,80.0,25.0,9.0,14.0,14.0,18.0,21.0,8.0,6.0,17.0,30.0,14.0,12.0
31.0,0.0,212.0,805.0,42.0,192.0,10.0,5.0,18.0,73.0,15.0,5.0,91.0,19.0,49.0,17.0,41.0,36.0,80.0,30.0,75.0,99.0,87.0,62.0,84.0,20.0,42.0,16.0,96.0,37.0,22.0,212.0,13.0,18.0,15.0,21.0,82.0,37.0,10.0,19.0,37.0,62.0,65.0,28.0,14.0,147.0,52.0,11.0,167.0,127.0,158.0,12.0
18.0,11.0,20.0,7.0,14.0,24.0,28.0,20.0,4.0,14.0,3.0,7.0,13.0,0.0,4.0,22.0,32.0,46.0,10.0,7.0,36.0,13.0,22.0,33.0,22.0,27.0,8.0,28.0,8.0,24.0,12.0,19.0,14.0,12.0,4.0,19.0,12.0,13.0,6.0,4.0,9.0,5.0,23.0,5.0,8.0,11.0,9.0,13.0,11.0,5.0,1.0,9.0
50.0,25.0,27.0,9.0,23.0,5.0,4.0,8.0,16.0,33.0,10.0,22.0,25.0,17.0,44.0,14.0,55.0,63.0,12.0,9.0,12.0,25.0,26.0,29.0,16.0,24.0,22.0,28.0,25.0,25.0,13.0,4.0,47.0,43.0,24.0,18.0,10.0,18.0,2.0,100.0,13.0,43.0,18.0,7.0,3.0,14.0,22.0,47.0,10.0,55.0,4.0,50.0
54.0,44.0,56.0,44.0,11.0,33.0,13.0,42.0,24.0,27.0,7.0,30.0,41.0,43.0,65.0,40.0,31.0,48.0,35.0,34.0,40.0,39.0,35.0,35.0,27.0,15.0,10.0,9.0,42.0,32.0,19.0,28.0,22.0,52.0,25.0,76.0,26.0,32.0,32.0,53.0,11.0,41.0,43.0,49.0,54.0,83.0,26.0,34.0,21.0,46.0,48.0,56.0
38.0,12.0,93.0,32.0,46.0,33.0,31.0,13.0,18.0,95.0,21.0,58.0,22.0,26.0,54.0,25.0,22.0,14.0,62.0,195.0,138.0,25.0,187.0,152.0,96.0,63.0,77.0,1038.0,42.0,48.0,465.0,237.0,183.0,212.0,123.0,165.0,264.0,120.0,58.0,44.0,540.0,282.0,97.0,92.0,33.0,42.0,20.0,28.0,31.0,32.0,22.0,89.0
16.0,10.0,9.0,11.0,8.0,11.0,6.0,6.0,10.0,10.0,7.0,14.0,9.0,16.0,13.0,11.0,10.0,11.0,9.0,9.0,12.0,13.0,13.0,12.0,15.0,12.0,14.0,10.0,9.0,13.0,10.0,10.0,8.0,14.0,16.0,12.0,9.0,9.0,12.0,9.0,6.0,14.0,12.0,10.0,11.0,8.0,8.0,14.0,10.0,17.0,6.0,11.0
10.0,11.0,9.0,7.0,10.0,8.0,11.0,12.0,10.0,14.0,7.0,9.0,11.0,11.0,13.0,8.0,13.0,17.0,9.0,10.0,15.0,8.0,21.0,7.0,13.0,5.0,17.0,13.0,9.0,14.0,16.0,9.0,13.0,9.0,17.0,6.0,10.0,7.0,7.0,10.0,9.0,10.0,11.0,9.0,11.0,8.0,5.0,8.0,6.0,4.0,9.0,4.0
2.0,8.0,6.0,3.0,7.0,4.0,5.0,1.0,1.0,4.0,1.0,3.0,2.0,5.0,2.0,9.0,4.0,8.0,15.0,18.0,14.0,31.0,20.0,26.0,40.0,20.0,25.0,10.0,16.0,18.0,23.0,13.0,17.0,18.0,15.0,14.0,20.0,22.0,4.0,4.0,6.0,9.0,5.0,10.0,3.0,18.0,1.0,0.0,10.0,2.0,1.0,4.0
28.0,19.0,31.0,20.0,44.0,15.0,19.0,36.0,13.0,30.0,13.0,86.0,49.0,94.0,35.0,38.0,42.0,91.0,25.0,25.0,14.0,44.0,29.0,19.0,28.0,46.0,38.0,31.0,49.0,35.0,41.0,16.0,22.0,16.0,33.0,30.0,33.0,32.0,194.0,12.0,60.0,15.0,17.0,10.0,16.0,7.0,3.0,7.0,12.0,18.0,1.0,30.0
6.0,0.0,7.0,0.0,0.0,0.0,2.0,1.0,0.0,0.0,3.0,1.0,7.0,2.0,4.0,14.0,27.0,18.0,20.0,21.0,19.0,17.0,17.0,24.0,18.0,27.0,20.0,14.0,19.0,42.0,28.0,16.0,30.0,44.0,18.0,6.0,44.0,81.0,9.0,14.0,14.0,4.0,1.0,0.0,3.0,2.0,0.0,0.0,0.0,0.0,2.0,1.0
0.0,0.0,0.0,0.0,0.0,0.0,0.0,0.0,0.0,0.0,0.0,0.0,0.0,0.0,0.0,0.0,2.0,2.0,0.0,1.0,0.0,0.0,0.0,0.0,0.0,0.0,0.0,2.0,1.0,5.0,3.0,13.0,9.0,9.0,24.0,24.0,46.0,5.0,5.0,73.0,14.0,25.0,20.0,32.0,8.0,4.0,1.0,3.0,1.0,0.0,0.0,0.0
12.0,8.0,7.0,9.0,9.0,7.0,10.0,10.0,7.0,7.0,9.0,6.0,7.0,6.0,5.0,10.0,8.0,8.0,4.0,0.0,0.0,0.0,0.0,0.0,0.0,0.0,0.0,0.0,0.0,0.0,0.0,0.0,0.0,0.0,0.0,0.0,2.0,3.0,6.0,8.0,12.0,5.0,8.0,12.0,13.0,10.0,8.0,6.0,8.0,12.0,5.0,9.0
538.0,2912.0,32.0,44.0,1008.0,100069.0,2651.0,144.0,474.0,75408.0,417.0,2804.0,128.0,220.0,110.0,3559.0,670.0,126.0,60.0,1346.0,4453.0,1202.0,2537.0,392.0,2206.0,582.0,2852.0,154.0,62.0,535.0,50.0,471.0,114.0,61.0,36.0,169.0,124.0,388.0,159.0,379.0,178.0,106.0,25.0,53.0,9.0,38.0,53.0,106.0,119.0,37.0,9.0,510.0
91.0,92.0,283.0,60.0,23.0,17.0,24.0,101.0,11.0,21.0,11.0,30.0,35.0,88.0,11.0,22.0,30.0,11.0,29.0,16.0,30.0,38.0,80.0,50.0,33.0,21.0,45.0,349.0,43.0,33.0,107.0,253.0,49.0,54.0,72.0,35.0,60.0,145.0,145.0,241.0,89.0,116.0,203.0,70.0,32.0,42.0,87.0,68.0,8.0,139.0,12.0,31.0
227.0,1350.0,6.0,6.0,110.0,751.0,30.0,0.0,525.0,440.0,0.0,7.0,0.0,304.0,375.0,145.0,16.0,81.0,8.0,3.0,7.0,2.0,7.0,7.0,17.0,14.0,6.0,13.0,4.0,5.0,3.0,3.0,3.0,4.0,38.0,1.0,0.0,6.0,8.0,1.0,15.0,1.0,211.0,6.0,179.0,183.0,1660.0,409.0,622.0,408.0,608.0,0.0
24.0,4.0,1.0,10.0,4.0,5.0,2.0,23.0,7.0,103.0,177.0,216.0,26.0,83.0,234.0,81.0,165.0,159.0,148.0,248.0,94.0,129.0,227.0,139.0,262.0,90.0,125.0,105.0,141.0,131.0,131.0,120.0,196.0,295.0,115.0,53.0,76.0,21.0,6.0,56.0,57.0,15.0,35.0,0.0,28.0,57.0,1.0,5.0,3.0,182.0,80.0,116.0
6.0,4.0,17.0,10.0,15.0,6.0,9.0,11.0,16.0,8.0,10.0,14.0,12.0,9.0,14.0,5.0,7.0,7.0,16.0,46.0,27.0,14.0,27.0,4.0,18.0,13.0,7.0,6.0,9.0,15.0,8.0,20.0,22.0,13.0,16.0,9.0,6.0,14.0,5.0,7.0,8.0,8.0,5.0,11.0,5.0,7.0,5.0,6.0,8.0,12.0,6.0,2.0
0.0,0.0,0.0,0.0,0.0,0.0,0.0,0.0,0.0,0.0,0.0,0.0,0.0,0.0,5.0,24.0,184.0,267.0,4.0,0.0,3.0,1.0,0.0,0.0,0.0,40.0,138.0,5.0,0.0,150.0,203.0,415.0,187.0,29.0,766.0,308.0,335.0,36.0,154.0,4010.0,26.0,263.0,860.0,103.0,123.0,153.0,128.0,3.0,3.0,0.0,0.0,0.0
49.0,57.0,91.0,263.0,175.0,95.0,42.0,96.0,32.0,86.0,80.0,61.0,66.0,60.0,61.0,57.0,39.0,49.0,50.0,32.0,75.0,60.0,19.0,45.0,50.0,55.0,83.0,58.0,14.0,42.0,26.0,64.0,104.0,84.0,93.0,101.0,61.0,156.0,47.0,94.0,136.0,91.0,43.0,46.0,41.0,77.0,238.0,101.0,109.0,40.0,120.0,52.0
5.0,1.0,3.0,4.0,3.0,2.0,2.0,0.0,0.0,0.0,1.0,0.0,2.0,1.0,0.0,0.0,0.0,1.0,1.0,3.0,7.0,2.0,1.0,5.0,3.0,2.0,1.0,1.0,0.0,0.0,0.0,1.0,5.0,0.0,1.0,0.0,2.0,2.0,0.0,0.0,0.0,0.0,0.0,0.0,0.0,0.0,0.0,0.0,0.0,0.0,0.0,0.0
0.0,0.0,0.0,0.0,0.0,0.0,0.0,0.0,0.0,0.0,0.0,0.0,0.0,0.0,0.0,0.0,0.0,0.0,0.0,0.0,0.0,0.0,0.0,0.0,0.0,0.0,0.0,0.0,0.0,0.0,0.0,0.0,0.0,1.0,0.0,5.0,5.0,5.0,3.0,6.0,1.0,5.0,6.0,7.0,3.0,0.0,0.0,1.0,2.0,0.0,0.0,2.0
7.0,2.0,7.0,8.0,7.0,10.0,9.0,6.0,22.0,63.0,5.0,11.0,22.0,12.0,16.0,19.0,21.0,12.0,12.0,16.0,9.0,13.0,10.0,16.0,21.0,9.0,16.0,465.0,16.0,43.0,30.0,116.0,16.0,18.0,23.0,18.0,14.0,16.0,13.0,64.0,12.0,8.0,6.0,11.0,9.0,8.0,8.0,10.0,20.0,5.0,7.0,8.0
1.0,0.0,1.0,0.0,0.0,0.0,0.0,0.0,0.0,0.0,0.0,0.0,0.0,1.0,0.0,0.0,1.0,9.0,20.0,11.0,31.0,50.0,30.0,20.0,23.0,30.0,18.0,31.0,16.0,35.0,13.0,19.0,20.0,17.0,19.0,13.0,8.0,2.0,1.0,0.0,0.0,0.0,0.0,0.0,0.0,0.0,0.0,0.0,0.0,0.0,4.0,3.0
452.0,377.0,470.0,227.0,371.0,215.0,1122.0,2003.0,510.0,1238.0,2265.0,241.0,1366.0,457.0,218.0,1039.0,618.0,113.0,76.0,21.0,18.0,3.0,10.0,2.0,2.0,80.0,116.0,33.0,26.0,64.0,32.0,2.0,4.0,3.0,511.0,206.0,59.0,43.0,2682.0,332.0,175.0,56.0,4650.0,732.0,2540.0,1534.0,7.0,219.0,5131.0,3242.0,5604.0,4084.0
0.0,3.0,2.0,2.0,2.0,1.0,1.0,0.0,2.0,1.0,0.0,0.0,0.0,0.0,0.0,3.0,0.0,0.0,0.0,0.0,0.0,0.0,0.0,0.0,0.0,0.0,0.0,0.0,0.0,0.0,0.0,0.0,0.0,0.0,5.0,8.0,3.0,7.0,4.0,1.0,3.0,6.0,6.0,1.0,1.0,2.0,0.0,1.0,1.0,1.0,0.0,2.0
10.0,24.0,19.0,16.0,124.0,18.0,11.0,31.0,7.0,15.0,7.0,15.0,65.0,18.0,108.0,25.0,19.0,36.0,15.0,17.0,18.0,47.0,43.0,26.0,85.0,55.0,16.0,19.0,40.0,15.0,27.0,88.0,55.0,30.0,20.0,43.0,13.0,37.0,31.0,37.0,23.0,26.0,32.0,14.0,30.0,13.0,11.0,8.0,10.0,26.0,29.0,12.0
49.0,16.0,23.0,28.0,370.0,300.0,94.0,19.0,167.0,18.0,7.0,2.0,74.0,78.0,41.0,83.0,4096.0,317.0,38.0,10.0,51.0,20.0,4.0,2.0,1.0,13.0,180.0,25.0,20.0,21.0,37.0,38.0,51.0,57.0,83.0,60.0,16.0,24.0,125.0,11.0,53.0,128.0,18.0,122.0,91.0,2.0,33.0,158.0,20.0,99.0,13.0,3.0
70.0,69.0,30.0,31.0,30.0,50.0,87.0,15.0,24.0,54.0,13.0,47.0,35.0,29.0,31.0,29.0,25.0,74.0,48.0,32.0,36.0,28.0,21.0,39.0,42.0,33.0,20.0,30.0,27.0,51.0,41.0,49.0,25.0,23.0,33.0,21.0,44.0,15.0,29.0,59.0,270.0,76.0,58.0,106.0,140.0,90.0,139.0,65.0,99.0,84.0,60.0,43.0
16.0,2.0,4.0,5.0,4.0,6.0,0.0,3.0,4.0,6.0,3.0,2.0,6.0,5.0,3.0,2.0,1.0,0.0,0.0,0.0,0.0,0.0,0.0,1.0,0.0,0.0,0.0,0.0,0.0,0.0,0.0,0.0,0.0,3.0,1.0,0.0,0.0,1.0,6.0,9.0,2.0,7.0,2.0,1.0,0.0,7.0,4.0,5.0,11.0,9.0,7.0,5.0
13.0,15.0,2.0,17.0,25.0,2.0,0.0,10.0,22.0,22.0,9.0,6.0,1.0,2.0,1.0,0.0,0.0,2.0,4.0,6.0,2.0,4.0,3.0,1.0,26.0,1.0,21.0,0.0,1.0,1.0,2.0,1.0,10.0,12.0,21.0,4.0,3.0,1.0,13.0,23.0,1.0,16.0,4.0,0.0,2.0,2.0,27.0,8.0,5.0,6.0,7.0,4.0
0.0,0.0,0.0,0.0,0.0,0.0,0.0,0.0,0.0,0.0,3.0,0.0,0.0,1.0,3.0,7.0,9.0,9.0,16.0,7.0,11.0,9.0,9.0,14.0,10.0,4.0,16.0,9.0,15.0,15.0,19.0,15.0,14.0,11.0,14.0,9.0,12.0,6.0,2.0,3.0,1.0,0.0,0.0,0.0,0.0,0.0,0.0,0.0,0.0,0.0,0.0,0.0
2.0,1.0,0.0,2.0,4.0,1.0,3.0,0.0,2.0,0.0,3.0,1.0,0.0,1.0,1.0,1.0,2.0,0.0,1.0,2.0,1.0,1.0,0.0,0.0,4.0,2.0,4.0,0.0,0.0,0.0,0.0,1.0,1.0,5.0,0.0,4.0,4.0,3.0,5.0,2.0,1.0,2.0,4.0,1.0,4.0,5.0,1.0,3.0,4.0,3.0,3.0,4.0
0.0,0.0,0.0,0.0,0.0,0.0,0.0,0.0,0.0,0.0,0.0,0.0,0.0,0.0,25.0,5.0,4.0,1.0,0.0,0.0,1.0,1.0,0.0,0.0,0.0,2.0,2.0,0.0,1.0,4.0,2.0,1.0,7.0,3.0,6.0,2.0,13.0,4.0,4.0,5.0,0.0,0.0,3.0,0.0,0.0,0.0,0.0,0.0,0.0,0.0,0.0,0.0
8.0,8.0,5.0,7.0,4.0,7.0,6.0,7.0,4.0,4.0,1.0,3.0,5.0,3.0,1.0,1.0,0.0,2.0,0.0,0.0,0.0,0.0,0.0,0.0,0.0,0.0,0.0,0.0,0.0,0.0,0.0,0.0,0.0,0.0,0.0,0.0,0.0,0.0,3.0,1.0,4.0,7.0,6.0,6.0,10.0,8.0,4.0,6.0,7.0,13.0,8.0,4.0
0.0,0.0,0.0,5.0,1.0,0.0,4.0,4.0,6.0,2.0,0.0,0.0,0.0,0.0,0.0,1.0,1.0,0.0,0.0,0.0,0.0,0.0,0.0,0.0,0.0,0.0,0.0,1.0,0.0,0.0,0.0,0.0,0.0,1.0,0.0,0.0,0.0,0.0,0.0,1.0,1.0,2.0,0.0,0.0,0.0,0.0,0.0,1.0,0.0,2.0,2.0,5.0
26.0,19.0,37.0,1030.0,118.0,284.0,197.0,27.0,59.0,88.0,92.0,26.0,280.0,145.0,37.0,44.0,59.0,25.0,35.0,82.0,61.0,48.0,42.0,40.0,279.0,37.0,20.0,42.0,9.0,7.0,30.0,44.0,5.0,4.0,8.0,35.0,5.0,27.0,6.0,14.0,18.0,33.0,85.0,22.0,21.0,4.0,41.0,120.0,59.0,51.0,183.0,31.0
3.0,2.0,4.0,5.0,4.0,4.0,3.0,4.0,3.0,2.0,1.0,0.0,5.0,5.0,5.0,6.0,8.0,5.0,6.0,8.0,3.0,8.0,5.0,3.0,3.0,6.0,6.0,7.0,6.0,7.0,8.0,10.0,7.0,3.0,18.0,3.0,14.0,7.0,2.0,2.0,1.0,2.0,0.0,0.0,1.0,3.0,4.0,0.0,1.0,1.0,1.0,1.0
21.0,44.0,16.0,13.0,33.0,21.0,151.0,7.0,42.0,91.0,17.0,87.0,79.0,118.0,105.0,34.0,28.0,12.0,44.0,8.0,44.0,8.0,50.0,17.0,125.0,73.0,159.0,16.0,36.0,55.0,63.0,66.0,15.0,82.0,8.0,141.0,46.0,63.0,19.0,8.0,123.0,35.0,29.0,39.0,9.0,60.0,2.0,81.0,44.0,36.0,20.0,34.0
11.0,6.0,5.0,6.0,8.0,5.0,7.0,7.0,7.0,8.0,6.0,9.0,13.0,16.0,12.0,9.0,14.0,18.0,10.0,8.0,11.0,10.0,13.0,15.0,23.0,18.0,17.0,9.0,11.0,22.0,13.0,11.0,11.0,7.0,12.0,6.0,8.0,9.0,9.0,9.0,8.0,7.0,8.0,5.0,8.0,7.0,7.0,7.0,10.0,12.0,5.0,7.0
0.0,0.0,0.0,0.0,2.0,0.0,0.0,0.0,2.0,0.0,2.0,0.0,0.0,0.0,0.0,0.0,4.0,3.0,0.0,1.0,1.0,3.0,1.0,4.0,6.0,4.0,7.0,7.0,5.0,5.0,3.0,4.0,2.0,2.0,0.0,0.0,1.0,4.0,1.0,1.0,0.0,0.0,1.0,0.0,0.0,0.0,0.0,1.0,0.0,0.0,2.0,1.0
37.0,30.0,12.0,19.0,29.0,28.0,21.0,13.0,12.0,16.0,11.0,14.0,16.0,17.0,15.0,16.0,21.0,14.0,17.0,12.0,12.0,14.0,13.0,22.0,14.0,15.0,14.0,14.0,23.0,20.0,17.0,10.0,18.0,17.0,25.0,23.0,16.0,22.0,12.0,18.0,9.0,17.0,15.0,13.0,32.0,13.0,16.0,17.0,22.0,37.0,21.0,11.0
61.0,9.0,38.0,34.0,40.0,31.0,38.0,60.0,29.0,18.0,19.0,25.0,16.0,11.0,10.0,10.0,15.0,17.0,15.0,25.0,31.0,16.0,18.0,61.0,45.0,22.0,57.0,7.0,86.0,106.0,134.0,66.0,115.0,109.0,181.0,60.0,80.0,32.0,81.0,58.0,49.0,48.0,116.0,56.0,40.0,25.0,63.0,161.0,37.0,152.0,93.0,87.0
51.0,10.0,3.0,9.0,105.0,27.0,177.0,7.0,13.0,21.0,145.0,113.0,3.0,15.0,6.0,7.0,7.0,11.0,10.0,10.0,27.0,5.0,10.0,2.0,13.0,8.0,13.0,4.0,12.0,12.0,9.0,5.0,10.0,46.0,149.0,44.0,29.0,11.0,17.0,67.0,276.0,6.0,19.0,36.0,10.0,17.0,12.0,93.0,15.0,2.0,52.0,16.0
0.0,0.0,0.0,0.0,0.0,0.0,0.0,0.0,0.0,0.0,0.0,0.0,0.0,0.0,0.0,0.0,0.0,0.0,0.0,0.0,0.0,0.0,0.0,0.0,0.0,0.0,0.0,0.0,0.0,0.0,0.0,0.0,0.0,0.0,1.0,3.0,5.0,4.0,4.0,3.0,7.0,8.0,6.0,0.0,0.0,0.0,0.0,0.0,0.0,0.0,0.0,0.0
12.0,23.0,9.0,10.0,12.0,7.0,7.0,5.0,5.0,10.0,6.0,4.0,12.0,3.0,6.0,15.0,21.0,20.0,17.0,12.0,11.0,20.0,10.0,13.0,15.0,15.0,10.0,13.0,15.0,16.0,14.0,11.0,15.0,10.0,14.0,8.0,33.0,23.0,15.0,10.0,18.0,20.0,13.0,13.0,13.0,15.0,7.0,10.0,7.0,10.0,11.0,17.0
36.0,1302.0,75.0,88.0,111.0,176.0,275.0,64.0,144.0,119.0,45.0,290.0,44.0,1280.0,1273.0,44.0,138.0,92.0,30.0,27.0,56.0,37.0,44.0,76.0,17.0,57.0,47.0,11.0,20.0,33.0,57.0,40.0,17.0,52.0,507.0,33.0,211.0,363.0,91.0,456.0,35.0,164.0,150.0,67.0,2027.0,33.0,28.0,187.0,309.0,300.0,63.0,1086.0
64.0,118.0,46.0,93.0,53.0,30.0,175.0,4.0,48.0,5.0,8.0,55.0,26.0,47.0,10.0,1.0,114.0,13.0,68.0,33.0,16.0,37.0,31.0,44.0,161.0,72.0,9.0,9.0,6.0,7.0,107.0,521.0,6.0,60.0,11.0,214.0,141.0,41.0,314.0,28.0,53.0,39.0,44.0,367.0,434.0,810.0,586.0,347.0,96.0,92.0,11.0,2025.0
0.0,0.0,0.0,0.0,0.0,0.0,0.0,0.0,0.0,0.0,0.0,0.0,1.0,0.0,5.0,8.0,11.0,12.0,14.0,15.0,22.0,14.0,16.0,17.0,19.0,20.0,14.0,9.0,8.0,16.0,5.0,7.0,9.0,5.0,6.0,3.0,0.0,0.0,0.0,0.0,0.0,0.0,0.0,0.0,0.0,0.0,0.0,0.0,0.0,0.0,0.0,0.0
17.0,10.0,13.0,19.0,17.0,36.0,23.0,17.0,20.0,16.0,8.0,10.0,13.0,13.0,7.0,7.0,16.0,10.0,13.0,31.0,20.0,12.0,21.0,12.0,9.0,24.0,10.0,6.0,8.0,6.0,2.0,3.0,2.0,0.0,0.0,3.0,5.0,3.0,23.0,11.0,15.0,7.0,6.0,5.0,13.0,17.0,21.0,22.0,24.0,53.0,13.0,20.0
9.0,2.0,12.0,22.0,3.0,26.0,16.0,8.0,3.0,13.0,12.0,28.0,48.0,45.0,81.0,35.0,102.0,31.0,43.0,55.0,42.0,45.0,38.0,50.0,51.0,54.0,45.0,81.0,31.0,165.0,88.0,102.0,100.0,73.0,89.0,43.0,151.0,284.0,45.0,28.0,3.0,3.0,0.0,1.0,2.0,2.0,3.0,1.0,5.0,3.0,6.0,13.0
0.0,0.0,0.0,0.0,0.0,0.0,0.0,0.0,0.0,0.0,0.0,0.0,0.0,0.0,0.0,0.0,0.0,2.0,4.0,2.0,8.0,7.0,7.0,10.0,2.0,9.0,4.0,3.0,4.0,3.0,4.0,10.0,8.0,11.0,10.0,8.0,7.0,6.0,3.0,1.0,0.0,0.0,0.0,0.0,0.0,0.0,0.0,0.0,0.0,0.0,0.0,0.0
0.0,0.0,0.0,1.0,0.0,1.0,0.0,0.0,0.0,0.0,1.0,0.0,7.0,7.0,12.0,8.0,8.0,9.0,10.0,12.0,8.0,11.0,29.0,13.0,10.0,18.0,9.0,12.0,12.0,13.0,8.0,14.0,0.0,0.0,2.0,3.0,0.0,3.0,1.0,5.0,1.0,4.0,1.0,0.0,0.0,1.0,0.0,1.0,1.0,4.0,1.0,0.0
74.0,11.0,26.0,6.0,1.0,107.0,28.0,11.0,36.0,11.0,40.0,32.0,32.0,4.0,5.0,45.0,2.0,14.0,6.0,10.0,23.0,17.0,48.0,14.0,43.0,83.0,82.0,6.0,94.0,123.0,34.0,38.0,43.0,67.0,43.0,24.0,40.0,59.0,27.0,36.0,18.0,27.0,18.0,11.0,29.0,254.0,19.0,2.0,9.0,62.0,0.0,15.0
0.0,0.0,2.0,3.0,1.0,0.0,0.0,0.0,0.0,0.0,0.0,1.0,0.0,1.0,0.0,0.0,0.0,4.0,6.0,2.0,0.0,0.0,0.0,1.0,0.0,0.0,0.0,0.0,0.0,0.0,3.0,6.0,3.0,7.0,11.0,6.0,17.0,18.0,5.0,5.0,10.0,8.0,11.0,10.0,6.0,0.0,0.0,0.0,0.0,0.0,1.0,0.0
15.0,12.0,13.0,8.0,12.0,7.0,9.0,15.0,14.0,8.0,12.0,16.0,14.0,17.0,11.0,12.0,12.0,15.0,11.0,13.0,17.0,16.0,14.0,12.0,16.0,11.0,14.0,15.0,11.0,18.0,12.0,9.0,8.0,17.0,12.0,13.0,18.0,10.0,14.0,12.0,15.0,13.0,19.0,10.0,18.0,13.0,9.0,15.0,12.0,12.0,16.0,12.0
270.0,94.0,235.0,421.0,464.0,541.0,80.0,93.0,649.0,1214.0,608.0,262.0,435.0,242.0,362.0,236.0,11.0,19.0,7.0,5.0,6.0,4.0,2.0,1.0,0.0,3.0,2.0,2.0,4.0,1.0,2.0,2.0,0.0,5.0,4.0,6.0,8.0,103.0,87.0,93.0,366.0,459.0,3530.0,15748.0,191.0,632.0,119.0,1194.0,312.0,888.0,1228.0,19.0
18.0,22.0,9.0,15.0,23.0,18.0,14.0,13.0,19.0,21.0,27.0,20.0,37.0,36.0,29.0,36.0,33.0,37.0,27.0,15.0,25.0,35.0,24.0,17.0,35.0,23.0,16.0,19.0,15.0,15.0,27.0,17.0,16.0,12.0,15.0,12.0,14.0,16.0,18.0,24.0,15.0,19.0,16.0,13.0,11.0,16.0,15.0,21.0,17.0,22.0,9.0,13.0
48.0,38.0,37.0,60.0,33.0,28.0,29.0,24.0,22.0,34.0,15.0,28.0,32.0,25.0,24.0,27.0,3.0,7.0,13.0,7.0,7.0,6.0,6.0,1.0,1.0,4.0,6.0,2.0,3.0,2.0,5.0,3.0,5.0,8.0,15.0,8.0,9.0,8.0,4.0,3.0,30.0,7.0,16.0,34.0,38.0,41.0,26.0,18.0,58.0,61.0,42.0,71.0
245.0,77.0,59.0,160.0,188.0,113.0,24.0,58.0,70.0,69.0,116.0,345.0,55.0,11.0,301.0,125.0,116.0,111.0,17.0,77.0,119.0,204.0,81.0,82.0,159.0,29.0,38.0,29.0,15.0,78.0,21.0,33.0,113.0,98.0,6.0,11.0,19.0,36.0,72.0,60.0,99.0,67.0,136.0,267.0,503.0,39.0,1582.0,439.0,164.0,44.0,80.0,80.0
2.0,1.0,1.0,3.0,1.0,1.0,0.0,0.0,1.0,2.0,3.0,7.0,2.0,0.0,0.0,0.0,0.0,0.0,0.0,0.0,0.0,0.0,0.0,0.0,0.0,0.0,0.0,0.0,0.0,0.0,0.0,0.0,0.0,0.0,0.0,0.0,1.0,0.0,0.0,0.0,0.0,0.0,0.0,1.0,5.0,2.0,0.0,0.0,1.0,0.0,1.0,0.0
187.0,143.0,123.0,83.0,144.0,175.0,88.0,81.0,65.0,45.0,82.0,167.0,67.0,39.0,78.0,56.0,48.0,66.0,37.0,37.0,46.0,27.0,34.0,24.0,52.0,47.0,57.0,62.0,56.0,43.0,75.0,94.0,46.0,194.0,94.0,63.0,88.0,57.0,113.0,58.0,45.0,171.0,61.0,40.0,66.0,54.0,135.0,37.0,100.0,143.0,180.0,138.0
3.0,0.0,0.0,0.0,0.0,0.0,0.0,0.0,0.0,0.0,0.0,0.0,0.0,0.0,0.0,2.0,23.0,56.0,88.0,64.0,103.0,38.0,42.0,91.0,133.0,80.0,144.0,9.0,24.0,181.0,45.0,40.0,30.0,89.0,44.0,50089.0,38.0,86.0,4.0,81.0,4.0,0.0,1.0,0.0,0.0,0.0,0.0,0.0,0.0,0.0,0.0,0.0
0.0,0.0,0.0,1.0,0.0,0.0,1.0,3.0,5.0,6.0,6.0,1.0,2.0,4.0,2.0,4.0,1.0,3.0,0.0,0.0,0.0,0.0,0.0,0.0,0.0,0.0,0.0,0.0,0.0,0.0,0.0,0.0,0.0,0.0,0.0,0.0,0.0,0.0,0.0,0.0,0.0,0.0,0.0,0.0,0.0,0.0,0.0,0.0,0.0,0.0,0.0,0.0
158.0,222.0,130.0,150.0,119.0,71.0,36.0,87.0,137.0,222.0,406.0,72.0,50.0,39.0,22.0,12.0,17.0,12.0,7.0,8.0,14.0,6.0,5.0,4.0,4.0,5.0,10.0,4.0,3.0,1.0,2.0,2.0,2.0,4.0,2.0,1.0,4.0,5.0,0.0,1.0,0.0,7.0,6.0,24.0,63.0,76.0,271.0,153.0,129.0,249.0,35.0,163.0
17.0,49.0,16.0,17.0,38.0,11.0,15.0,21.0,29.0,44.0,18.0,20.0,24.0,23.0,10.0,19.0,25.0,20.0,33.0,21.0,43.0,11.0,20.0,29.0,26.0,26.0,35.0,33.0,43.0,27.0,16.0,42.0,13.0,15.0,25.0,22.0,14.0,26.0,29.0,15.0,48.0,18.0,22.0,25.0,22.0,24.0,19.0,16.0,120.0,21.0,27.0,22.0
30.0,9.0,5.0,5.0,3.0,2.0,28.0,3.0,0.0,1.0,1.0,2.0,8.0,1.0,1.0,8.0,3.0,5.0,5.0,1.0,8.0,15.0,56.0,63.0,109.0,450.0,268.0,27.0,132.0,22.0,575.0,501.0,30.0,201.0,202.0,125.0,204.0,76.0,5.0,2479.0,113.0,217.0,388.0,622.0,195.0,455.0,140.0,57.0,28.0,40.0,0.0,26.0
1.0,1.0,1.0,1.0,3.0,1.0,2.0,0.0,1.0,1.0,1.0,0.0,1.0,1.0,3.0,1.0,25.0,7.0,12.0,27.0,18.0,26.0,32.0,21.0,15.0,16.0,20.0,11.0,7.0,7.0,12.0,17.0,37.0,22.0,26.0,10.0,4.0,6.0,5.0,3.0,3.0,5.0,2.0,0.0,0.0,7.0,4.0,2.0,5.0,4.0,3.0,2.0
0.0,0.0,0.0,0.0,0.0,1.0,0.0,1.0,0.0,0.0,0.0,0.0,0.0,0.0,0.0,0.0,0.0,4.0,5.0,4.0,3.0,6.0,3.0,8.0,12.0,9.0,6.0,10.0,8.0,16.0,5.0,4.0,8.0,2.0,7.0,6.0,6.0,4.0,2.0,4.0,5.0,9.0,3.0,4.0,0.0,4.0,0.0,0.0,0.0,2.0,0.0,0.0
48.0,38.0,4.0,17.0,50.0,21.0,21.0,7.0,31.0,21.0,13.0,10.0,7.0,11.0,4.0,18.0,11.0,16.0,12.0,6.0,9.0,8.0,7.0,6.0,10.0,16.0,10.0,8.0,9.0,6.0,24.0,9.0,15.0,20.0,9.0,42.0,15.0,107.0,7.0,15.0,25.0,10.0,87.0,8.0,11.0,13.0,10.0,44.0,13.0,10.0,6.0,6.0
10.0,12.0,8.0,16.0,6.0,7.0,9.0,6.0,7.0,5.0,8.0,3.0,11.0,12.0,13.0,10.0,10.0,21.0,14.0,10.0,13.0,17.0,18.0,18.0,10.0,13.0,15.0,10.0,7.0,18.0,11.0,10.0,16.0,12.0,19.0,11.0,10.0,9.0,8.0,9.0,18.0,9.0,9.0,10.0,4.0,20.0,5.0,6.0,6.0,4.0,11.0,10.0
0.0,0.0,6.0,2.0,3.0,2.0,1.0,1.0,0.0,0.0,0.0,0.0,0.0,0.0,0.0,0.0,3.0,2.0,0.0,1.0,2.0,0.0,0.0,0.0,0.0,0.0,0.0,0.0,0.0,0.0,0.0,0.0,0.0,0.0,0.0,0.0,0.0,0.0,0.0,0.0,0.0,0.0,0.0,0.0,0.0,0.0,0.0,1.0,0.0,2.0,1.0,0.0
2.0,0.0,0.0,0.0,0.0,0.0,0.0,0.0,0.0,0.0,2.0,0.0,0.0,0.0,1.0,1.0,6.0,4.0,2.0,0.0,1.0,0.0,2.0,0.0,0.0,2.0,0.0,0.0,0.0,0.0,8.0,0.0,5.0,0.0,0.0,3.0,0.0,0.0,1.0,0.0,0.0,0.0,0.0,0.0,1.0,0.0,0.0,0.0,0.0,0.0,0.0,0.0
33.0,13.0,105.0,61.0,127.0,133.0,15.0,25.0,72.0,24.0,42.0,14.0,80.0,18.0,22.0,35.0,14.0,27.0,24.0,14.0,18.0,10.0,12.0,11.0,20.0,16.0,29.0,11.0,34.0,64.0,66.0,22.0,47.0,10.0,52.0,47.0,37.0,35.0,20.0,33.0,17.0,28.0,24.0,38.0,15.0,41.0,13.0,29.0,11.0,9.0,19.0,15.0
4.0,3.0,5.0,6.0,2.0,1.0,2.0,2.0,2.0,2.0,1.0,0.0,1.0,0.0,0.0,1.0,4.0,0.0,0.0,0.0,1.0,0.0,0.0,0.0,0.0,0.0,0.0,0.0,0.0,0.0,0.0,0.0,0.0,2.0,5.0,6.0,2.0,5.0,3.0,6.0,5.0,0.0,5.0,2.0,2.0,2.0,2.0,1.0,0.0,0.0,1.0,0.0
5.0,0.0,3.0,5.0,1.0,0.0,1.0,1.0,0.0,0.0,0.0,0.0,1.0,1.0,0.0,1.0,6.0,5.0,11.0,6.0,15.0,16.0,6.0,8.0,17.0,6.0,29.0,20.0,5.0,1.0,2.0,2.0,1.0,7.0,8.0,5.0,5.0,2.0,2.0,0.0,1.0,3.0,0.0,1.0,0.0,3.0,1.0,0.0,0.0,1.0,1.0,0.0
30.0,13.0,20.0,17.0,26.0,19.0,19.0,12.0,20.0,31.0,20.0,25.0,29.0,24.0,20.0,34.0,28.0,32.0,22.0,15.0,13.0,20.0,15.0,19.0,30.0,20.0,29.0,20.0,22.0,33.0,14.0,18.0,20.0,12.0,18.0,16.0,15.0,16.0,20.0,20.0,14.0,34.0,23.0,15.0,21.0,19.0,29.0,24.0,23.0,29.0,7.0,29.0
193.0,37.0,3.0,31.0,56.0,5.0,101.0,130.0,104.0,79.0,92.0,100.0,15.0,21.0,29.0,19.0,79.0,41.0,68.0,102.0,52.0,66.0,39.0,97.0,22.0,54.0,32.0,25.0,28.0,183.0,317.0,43.0,34.0,52.0,135.0,44.0,201.0,139.0,652.0,462.0,74.0,0.0,8.0,12.0,19.0,35.0,13.0,74.0,100.0,33.0,36.0,125.0
5.0,5.0,6.0,8.0,14.0,8.0,3.0,5.0,3.0,4.0,12.0,2.0,10.0,8.0,12.0,9.0,9.0,12.0,11.0,20.0,20.0,30.0,19.0,21.0,36.0,20.0,20.0,15.0,18.0,18.0,11.0,16.0,17.0,16.0,20.0,8.0,13.0,9.0,5.0,0.0,7.0,8.0,3.0,5.0,9.0,3.0,1.0,6.0,7.0,0.0,4.0,6.0
4.0,1.0,7.0,10.0,6.0,6.0,11.0,5.0,2.0,5.0,2.0,2.0,5.0,5.0,5.0,9.0,2.0,2.0,7.0,2.0,5.0,1.0,4.0,5.0,7.0,4.0,15.0,7.0,3.0,2.0,11.0,6.0,6.0,10.0,2.0,3.0,5.0,13.0,2.0,7.0,0.0,5.0,4.0,3.0,2.0,1.0,9.0,5.0,4.0,0.0,2.0,3.0
1.0,2.0,11.0,36.0,61.0,35.0,78.0,22.0,61.0,11.0,5.0,12.0,14.0,9.0,7.0,6.0,20.0,21.0,58.0,35.0,26.0,15.0,23.0,15.0,18.0,10.0,41.0,15.0,24.0,27.0,9.0,36.0,66.0,65.0,10.0,11.0,25.0,12.0,22.0,34.0,62.0,3.0,1.0,1.0,5.0,33.0,27.0,30.0,14.0,7.0,34.0,21.0
8.0,14.0,18.0,27.0,10.0,12.0,20.0,24.0,16.0,30.0,28.0,69.0,33.0,55.0,19.0,29.0,89.0,59.0,75.0,79.0,45.0,59.0,90.0,33.0,43.0,38.0,19.0,25.0,23.0,27.0,28.0,29.0,35.0,41.0,29.0,44.0,17.0,29.0,17.0,27.0,35.0,18.0,6.0,27.0,14.0,15.0,12.0,21.0,12.0,11.0,11.0,21.0
0.0,0.0,0.0,0.0,0.0,0.0,0.0,0.0,0.0,0.0,0.0,0.0,0.0,0.0,0.0,0.0,1.0,0.0,0.0,0.0,2.0,1.0,1.0,0.0,0.0,0.0,0.0,0.0,0.0,0.0,0.0,0.0,0.0,0.0,0.0,1.0,23.0,1.0,29.0,13.0,2.0,3.0,0.0,1.0,0.0,0.0,0.0,0.0,0.0,0.0,0.0,0.0
40.0,76.0,10.0,34.0,304.0,31.0,1518.0,10025.0,30.0,190.0,16.0,8.0,29.0,3024.0,2.0,3.0,7.0,13.0,0.0,0.0,0.0,2.0,1.0,0.0,0.0,0.0,0.0,0.0,0.0,0.0,0.0,0.0,0.0,0.0,0.0,1.0,0.0,0.0,0.0,0.0,1.0,7.0,0.0,143.0,2081.0,18.0,21.0,202.0,35.0,17.0,916.0,701.0
0.0,0.0,0.0,0.0,0.0,0.0,0.0,0.0,0.0,0.0,0.0,0.0,0.0,0.0,0.0,0.0,0.0,0.0,0.0,0.0,0.0,1.0,2.0,3.0,3.0,0.0,0.0,0.0,0.0,0.0,4.0,7.0,2.0,5.0,4.0,7.0,8.0,4.0,2.0,4.0,3.0,7.0,4.0,0.0,0.0,0.0,0.0,0.0,0.0,0.0,0.0,1.0
3.0,0.0,1.0,0.0,0.0,0.0,0.0,0.0,0.0,0.0,0.0,0.0,0.0,0.0,1.0,0.0,4.0,0.0,0.0,0.0,0.0,0.0,0.0,0.0,0.0,0.0,0.0,0.0,1.0,0.0,2.0,2.0,0.0,5.0,12.0,4.0,7.0,2.0,6.0,12.0,2.0,5.0,5.0,5.0,5.0,2.0,3.0,4.0,1.0,5.0,3.0,0.0
13.0,36.0,11.0,35.0,11.0,26.0,13.0,6.0,9.0,5.0,20.0,48.0,22.0,19.0,16.0,13.0,18.0,25.0,13.0,17.0,16.0,10.0,9.0,9.0,21.0,15.0,14.0,18.0,13.0,10.0,12.0,13.0,12.0,16.0,19.0,11.0,9.0,8.0,14.0,59.0,24.0,67.0,23.0,45.0,21.0,17.0,22.0,23.0,65.0,12.0,33.0,16.0
12.0,1.0,7.0,8.0,9.0,8.0,17.0,15.0,22.0,13.0,11.0,5.0,14.0,6.0,5.0,14.0,39.0,12.0,13.0,3.0,10.0,7.0,7.0,10.0,10.0,9.0,3.0,3.0,14.0,11.0,18.0,5.0,8.0,8.0,7.0,8.0,18.0,15.0,17.0,15.0,22.0,20.0,12.0,19.0,9.0,13.0,26.0,38.0,7.0,7.0,11.0,20.0
1.0,2.0,2.0,3.0,0.0,1.0,0.0,0.0,0.0,1.0,0.0,0.0,4.0,5.0,10.0,7.0,27.0,65.0,40.0,36.0,18.0,37.0,15.0,39.0,50.0,28.0,63.0,27.0,19.0,23.0,20.0,19.0,14.0,9.0,7.0,8.0,4.0,0.0,1.0,0.0,1.0,1.0,1.0,0.0,0.0,1.0,0.0,0.0,0.0,1.0,1.0,0.0
7.0,10.0,7.0,12.0,5.0,9.0,4.0,10.0,9.0,11.0,3.0,6.0,8.0,7.0,9.0,7.0,5.0,2.0,11.0,10.0,21.0,10.0,8.0,10.0,11.0,10.0,8.0,11.0,9.0,13.0,12.0,11.0,12.0,11.0,12.0,10.0,30.0,8.0,16.0,8.0,10.0,9.0,8.0,9.0,8.0,6.0,6.0,4.0,3.0,3.0,10.0,18.0
523.0,847.0,44.0,2119.0,5088.0,1383.0,800.0,200.0,291.0,172.0,2723.0,3673.0,931.0,433.0,1245.0,28.0,207.0,136.0,218.0,26.0,49.0,65.0,285.0,121.0,286.0,175.0,189.0,724.0,187.0,226.0,674.0,114.0,912.0,842.0,706.0,624.0,995.0,213.0,325.0,3017.0,704.0,427.0,159.0,2048.0,2047.0,874.0,725.0,882.0,137.0,140.0,1380.0,137.0
570.0,264.0,29.0,125.0,11.0,860.0,601.0,435.0,392.0,7.0,22.0,335.0,904.0,775.0,576.0,107.0,22.0,428.0,516.0,1580.0,2137.0,233.0,496.0,413.0,93.0,42.0,655.0,50.0,11.0,11.0,22.0,47.0,522.0,34.0,111.0,16.0,172.0,474.0,225.0,136.0,685.0,89.0,49.0,55.0,123.0,3419.0,99.0,45.0,228.0,173.0,970.0,139.0
1.0,1.0,4.0,5.0,2.0,0.0,0.0,0.0,1.0,1.0,0.0,4.0,3.0,3.0,7.0,10.0,17.0,19.0,17.0,17.0,50.0,21.0,13.0,20.0,25.0,29.0,18.0,26.0,24.0,15.0,22.0,28.0,18.0,12.0,8.0,8.0,9.0,9.0,7.0,5.0,1.0,1.0,1.0,2.0,5.0,2.0,2.0,0.0,2.0,3.0,4.0,6.0
0.0,0.0,0.0,0.0,0.0,0.0,0.0,0.0,0.0,0.0,0.0,0.0,0.0,0.0,0.0,0.0,0.0,0.0,0.0,0.0,0.0,0.0,0.0,0.0,0.0,0.0,0.0,0.0,1.0,0.0,0.0,1.0,2.0,5.0,53.0,15.0,14.0,20.0,23.0,504.0,63.0,16.0,12.0,4.0,0.0,0.0,0.0,0.0,0.0,0.0,0.0,0.0
0.0,0.0,1.0,0.0,0.0,0.0,0.0,0.0,0.0,0.0,0.0,0.0,0.0,2.0,2.0,3.0,2.0,6.0,8.0,10.0,15.0,22.0,21.0,24.0,16.0,12.0,17.0,32.0,26.0,22.0,14.0,15.0,26.0,21.0,15.0,8.0,7.0,5.0,5.0,4.0,3.0,0.0,2.0,1.0,0.0,0.0,0.0,0.0,0.0,0.0,0.0,0.0
232.0,169.0,147.0,175.0,140.0,408.0,168.0,226.0,74.0,127.0,78.0,180.0,248.0,79.0,169.0,301.0,92.0,280.0,137.0,165.0,154.0,135.0,213.0,108.0,144.0,388.0,373.0,298.0,300.0,148.0,312.0,286.0,430.0,358.0,220.0,102.0,415.0,182.0,344.0,94.0,121.0,301.0,157.0,62.0,134.0,1102.0,248.0,251.0,182.0,170.0,110.0,75.0
73.0,238.0,65.0,33.0,94.0,98.0,134.0,53.0,51.0,69.0,43.0,82.0,79.0,50.0,28.0,50.0,23.0,26.0,61.0,20.0,60.0,42.0,34.0,63.0,62.0,52.0,45.0,54.0,33.0,59.0,33.0,15.0,102.0,35.0,39.0,56.0,50.0,71.0,51.0,46.0,49.0,109.0,117.0,148.0,60.0,47.0,103.0,111.0,189.0,117.0,19.0,117.0
0.0,0.0,0.0,0.0,0.0,0.0,0.0,0.0,0.0,0.0,0.0,0.0,0.0,0.0,3.0,0.0,59.0,0.0,1.0,0.0,0.0,0.0,0.0,0.0,0.0,0.0,0.0,1.0,12.0,0.0,0.0,3.0,1.0,4.0,0.0,0.0,4.0,3.0,38.0,0.0,6.0,1.0,0.0,0.0,3.0,0.0,0.0,0.0,0.0,0.0,0.0,0.0
20.0,12.0,6.0,49.0,269.0,346.0,119.0,23.0,165.0,178.0,54.0,21.0,1058.0,57.0,893.0,5240.0,58.0,822.0,187.0,81.0,230.0,106.0,642.0,489.0,254.0,275.0,229.0,163.0,214.0,154.0,742.0,334.0,330.0,70.0,281.0,79.0,224.0,156.0,115.0,440.0,103.0,120.0,153.0,51.0,59.0,11.0,16.0,15.0,81.0,33.0,1.0,14.0
6.0,4.0,5.0,4.0,5.0,6.0,2.0,6.0,8.0,5.0,6.0,9.0,8.0,14.0,5.0,7.0,2.0,8.0,10.0,6.0,6.0,6.0,4.0,8.0,11.0,8.0,15.0,6.0,4.0,3.0,10.0,7.0,15.0,8.0,8.0,4.0,6.0,4.0,3.0,4.0,6.0,7.0,4.0,5.0,4.0,6.0,5.0,3.0,7.0,4.0,6.0,4.0
23.0,7.0,24.0,23.0,15.0,12.0,6.0,15.0,8.0,12.0,14.0,7.0,12.0,16.0,14.0,17.0,14.0,31.0,11.0,17.0,17.0,20.0,23.0,26.0,13.0,9.0,15.0,12.0,23.0,38.0,25.0,24.0,36.0,33.0,20.0,20.0,12.0,28.0,9.0,16.0,15.0,10.0,16.0,15.0,21.0,19.0,15.0,22.0,20.0,11.0,17.0,8.0
60.0,0.0,0.0,4.0,8.0,13.0,0.0,4.0,1.0,0.0,2.0,1.0,1.0,0.0,2.0,0.0,5.0,16.0,3.0,3.0,15.0,1.0,1.0,0.0,4.0,3.0,5.0,3.0,3.0,1.0,8.0,12.0,4.0,3.0,1.0,8.0,3.0,0.0,8.0,40.0,0.0,9.0,0.0,3.0,9.0,0.0,0.0,3.0,0.0,1.0,0.0,1.0
0.0,0.0,1.0,18.0,0.0,12.0,2.0,13.0,1.0,0.0,9.0,0.0,0.0,22.0,6.0,5.0,3.0,9.0,4.0,13.0,9.0,16.0,45.0,10.0,30.0,58.0,36.0,18.0,7.0,14.0,31.0,19.0,49.0,54.0,8.0,12.0,8.0,16.0,6.0,25.0,6.0,0.0,0.0,31.0,0.0,6.0,10.0,1.0,0.0,0.0,16.0,1.0
79.0,59.0,72.0,35.0,27.0,28.0,64.0,27.0,0.0,103.0,2.0,36.0,0.0,3.0,4.0,2.0,0.0,0.0,19.0,0.0,0.0,5.0,1.0,6.0,4.0,2.0,1.0,0.0,8.0,0.0,81.0,4.0,0.0,0.0,2.0,1.0,0.0,0.0,0.0,0.0,0.0,3.0,83.0,61.0,3.0,37.0,44.0,54.0,61.0,70.0,0.0,0.0
2.0,2.0,0.0,1.0,2.0,3.0,2.0,1.0,7.0,4.0,0.0,1.0,0.0,0.0,1.0,0.0,1.0,0.0,0.0,1.0,2.0,5.0,2.0,4.0,2.0,2.0,3.0,2.0,1.0,0.0,1.0,1.0,2.0,6.0,6.0,3.0,1.0,2.0,0.0,0.0,0.0,0.0,1.0,4.0,5.0,5.0,1.0,0.0,2.0,2.0,3.0,6.0
51.0,90.0,60.0,23.0,23.0,26.0,99.0,24.0,55.0,49.0,13.0,16.0,45.0,31.0,15.0,81.0,32.0,27.0,36.0,32.0,46.0,49.0,33.0,31.0,63.0,24.0,35.0,37.0,47.0,44.0,39.0,47.0,141.0,32.0,54.0,30.0,21.0,40.0,20.0,18.0,34.0,26.0,42.0,30.0,32.0,60.0,46.0,41.0,45.0,22.0,54.0,150.0
7.0,10.0,3.0,6.0,9.0,7.0,4.0,5.0,15.0,8.0,0.0,6.0,8.0,5.0,2.0,3.0,8.0,11.0,5.0,7.0,8.0,11.0,8.0,17.0,15.0,11.0,13.0,7.0,12.0,6.0,6.0,11.0,10.0,6.0,8.0,8.0,4.0,5.0,10.0,9.0,5.0,5.0,9.0,6.0,6.0,5.0,2.0,5.0,7.0,4.0,4.0,3.0
13.0,26.0,11.0,19.0,7.0,9.0,12.0,3.0,14.0,10.0,7.0,5.0,12.0,11.0,5.0,3.0,10.0,2.0,3.0,5.0,3.0,3.0,3.0,4.0,4.0,2.0,6.0,3.0,4.0,1.0,2.0,3.0,2.0,3.0,4.0,82.0,6.0,66.0,5.0,14.0,3.0,5.0,10.0,1.0,6.0,29.0,15.0,20.0,24.0,45.0,36.0,18.0
120.0,394.0,291.0,767.0,143.0,333.0,77.0,183.0,71.0,287.0,550.0,656.0,62.0,83.0,301.0,92.0,315.0,133.0,94.0,283.0,117.0,158.0,160.0,234.0,93.0,196.0,701.0,44.0,505.0,55.0,1806.0,539.0,362.0,335.0,309.0,747.0,552.0,240.0,196.0,983.0,2689.0,100.0,223.0,68.0,717.0,258.0,1440.0,378.0,408.0,826.0,595.0,143.0
11.0,5.0,16.0,10.0,14.0,22.0,8.0,17.0,23.0,14.0,8.0,5.0,5.0,3.0,2.0,3.0,0.0,7.0,0.0,3.0,3.0,7.0,3.0,18.0,14.0,1.0,1.0,4.0,2.0,0.0,0.0,1.0,0.0,4.0,6.0,4.0,5.0,2.0,11.0,3.0,4.0,2.0,4.0,6.0,11.0,11.0,7.0,4.0,7.0,3.0,9.0,6.0
150.0,33.0,22.0,44.0,122.0,390.0,128.0,204.0,8.0,94.0,23.0,108.0,114.0,25.0,20.0,89.0,16.0,6.0,3.0,3.0,6.0,2.0,6.0,1.0,16.0,3.0,11.0,7.0,6.0,15.0,4.0,2.0,8.0,4.0,11.0,10.0,36.0,45.0,170.0,80.0,243.0,102.0,48.0,37.0,172.0,1529.0,22.0,77.0,6.0,5.0,114.0,26.0
20.0,21.0,7.0,13.0,10.0,13.0,11.0,11.0,12.0,6.0,6.0,8.0,8.0,5.0,1.0,0.0,0.0,0.0,1.0,0.0,0.0,0.0,0.0,0.0,0.0,0.0,0.0,0.0,0.0,0.0,0.0,0.0,0.0,0.0,0.0,0.0,0.0,0.0,0.0,0.0,2.0,3.0,8.0,10.0,11.0,17.0,6.0,11.0,12.0,13.0,19.0,14.0
361.0,1.0,10.0,75.0,6.0,18.0,6.0,3.0,3.0,7.0,2.0,3.0,10.0,7.0,5.0,7.0,10.0,3.0,10.0,12.0,21.0,11.0,13.0,19.0,11.0,23.0,14.0,3.0,7.0,9.0,8.0,9.0,7.0,10.0,25.0,26.0,10.0,5.0,42.0,10.0,4.0,9.0,2.0,4.0,3.0,11.0,1.0,5.0,16.0,6.0,15.0,4.0
7.0,5.0,13.0,29.0,17.0,9.0,5.0,6.0,10.0,10.0,15.0,8.0,13.0,3.0,3.0,4.0,4.0,8.0,9.0,5.0,0.0,11.0,4.0,6.0,7.0,14.0,3.0,9.0,7.0,7.0,9.0,11.0,5.0,14.0,9.0,8.0,23.0,10.0,4.0,8.0,5.0,9.0,9.0,5.0,10.0,6.0,2.0,22.0,9.0,3.0,18.0,3.0
16.0,27.0,9.0,15.0,10.0,54.0,11.0,6.0,7.0,8.0,11.0,63.0,8.0,17.0,81.0,11.0,15.0,8.0,38.0,20.0,20.0,10.0,17.0,16.0,15.0,21.0,11.0,16.0,19.0,12.0,24.0,16.0,13.0,13.0,26.0,21.0,16.0,14.0,11.0,25.0,32.0,9.0,11.0,18.0,23.0,10.0,15.0,11.0,10.0,22.0,10.0,12.0
300.0,295.0,339.0,458.0,76.0,125.0,150.0,124.0,117.0,174.0,172.0,183.0,68.0,136.0,100.0,82.0,117.0,48.0,76.0,125.0,72.0,67.0,54.0,42.0,41.0,39.0,31.0,23.0,28.0,30.0,28.0,39.0,49.0,100.0,103.0,93.0,43.0,127.0,299.0,171.0,103.0,95.0,102.0,64.0,100.0,62.0,95.0,164.0,93.0,224.0,180.0,214.0
38.0,53.0,40.0,17.0,12.0,16.0,18.0,24.0,16.0,10.0,10.0,17.0,9.0,2.0,1.0,0.0,1.0,0.0,0.0,0.0,0.0,0.0,0.0,0.0,0.0,0.0,0.0,0.0,0.0,0.0,0.0,0.0,0.0,0.0,0.0,0.0,0.0,0.0,0.0,0.0,0.0,0.0,2.0,12.0,19.0,27.0,10.0,13.0,23.0,61.0,16.0,25.0
13409.0,5336.0,250591.0,701.0,1786.0,2925.0,413.0,1340.0,2453.0,400.0,2458.0,972.0,262.0,131.0,941.0,367.0,251.0,488.0,145.0,184.0,130.0,261.0,31.0,144.0,59.0,91.0,344.0,224.0,1848.0,200.0,158.0,1713.0,309.0,246.0,883.0,173.0,306.0,288.0,274.0,660.0,119.0,932.0,953.0,310.0,2089.0,61.0,2257.0,1842.0,278.0,4230.0,86.0,1240.0
0.0,0.0,0.0,0.0,0.0,0.0,0.0,0.0,0.0,0.0,0.0,0.0,0.0,0.0,3.0,5.0,7.0,6.0,9.0,10.0,10.0,14.0,12.0,14.0,21.0,16.0,16.0,19.0,9.0,14.0,13.0,9.0,20.0,17.0,19.0,5.0,7.0,5.0,3.0,2.0,0.0,0.0,0.0,0.0,0.0,0.0,0.0,0.0,0.0,0.0,0.0,0.0
0.0,0.0,0.0,0.0,0.0,0.0,0.0,0.0,0.0,0.0,0.0,0.0,0.0,0.0,0.0,0.0,0.0,0.0,0.0,0.0,0.0,1.0,2.0,2.0,2.0,2.0,1.0,0.0,2.0,3.0,2.0,4.0,0.0,1.0,5.0,5.0,6.0,1.0,3.0,2.0,0.0,0.0,0.0,0.0,0.0,0.0,0.0,0.0,0.0,0.0,0.0,0.0
11.0,30.0,230.0,276.0,73.0,42.0,405.0,16.0,60.0,67.0,27.0,5.0,38.0,40.0,9.0,180.0,300.0,132.0,57.0,14.0,31.0,20.0,5.0,92.0,10.0,7.0,10.0,96.0,175.0,230.0,199.0,115.0,53.0,61.0,17.0,109.0,5.0,31.0,32.0,205.0,8.0,296.0,54.0,23.0,9.0,7.0,56.0,147.0,99.0,41.0,5.0,19.0
0.0,0.0,0.0,0.0,0.0,0.0,0.0,0.0,0.0,0.0,0.0,0.0,1.0,1.0,6.0,5.0,2.0,13.0,11.0,85.0,5.0,13.0,2.0,3.0,6.0,10.0,3.0,7.0,5.0,12.0,0.0,4.0,10.0,0.0,30.0,7.0,1.0,0.0,0.0,1.0,1.0,0.0,0.0,0.0,0.0,0.0,0.0,0.0,0.0,0.0,0.0,0.0
21.0,104.0,102.0,37.0,3.0,14.0,50.0,24.0,61.0,9.0,63.0,91.0,47.0,14.0,19.0,27.0,13.0,43.0,27.0,25.0,24.0,26.0,25.0,24.0,27.0,22.0,42.0,31.0,41.0,42.0,57.0,27.0,53.0,46.0,43.0,47.0,48.0,23.0,63.0,39.0,28.0,72.0,90.0,19.0,72.0,84.0,58.0,14.0,117.0,58.0,64.0,21.0
7.0,9.0,2.0,9.0,2.0,6.0,4.0,5.0,9.0,10.0,9.0,12.0,7.0,5.0,4.0,19.0,10.0,10.0,7.0,7.0,14.0,4.0,6.0,7.0,6.0,5.0,2.0,17.0,2.0,6.0,12.0,5.0,10.0,26.0,11.0,7.0,6.0,6.0,17.0,4.0,3.0,11.0,19.0,12.0,3.0,8.0,3.0,7.0,12.0,84.0,8.0,6.0
0.0,0.0,0.0,0.0,0.0,1.0,0.0,0.0,0.0,0.0,1.0,2.0,0.0,2.0,1.0,5.0,1.0,2.0,2.0,0.0,32.0,0.0,0.0,0.0,4.0,0.0,25.0,2.0,8.0,13.0,13.0,60.0,2.0,3.0,176.0,38.0,49.0,74.0,27.0,60.0,17.0,12.0,31.0,10.0,14.0,2.0,18.0,7.0,1.0,0.0,0.0,1.0
29.0,15.0,19.0,51.0,34.0,15.0,17.0,10.0,12.0,7.0,21.0,19.0,28.0,21.0,10.0,13.0,27.0,24.0,13.0,23.0,23.0,25.0,14.0,26.0,42.0,74.0,64.0,27.0,49.0,21.0,27.0,76.0,56.0,52.0,83.0,21.0,34.0,44.0,8.0,46.0,18.0,23.0,31.0,58.0,33.0,15.0,24.0,25.0,24.0,29.0,37.0,39.0
2.0,1.0,3.0,1.0,1.0,3.0,3.0,0.0,5.0,3.0,3.0,2.0,3.0,0.0,0.0,0.0,0.0,0.0,0.0,0.0,0.0,0.0,0.0,0.0,0.0,0.0,0.0,0.0,0.0,0.0,0.0,0.0,0.0,0.0,0.0,0.0,0.0,0.0,0.0,0.0,2.0,1.0,2.0,2.0,2.0,3.0,5.0,4.0,6.0,5.0,3.0,3.0
220.0,512.0,100.0,214.0,112.0,103.0,153.0,458.0,206.0,2551.0,64.0,588.0,2235.0,850.0,4778.0,1458.0,1144.0,266.0,568.0,36.0,83.0,64.0,45.0,42.0,70.0,150.0,157.0,660.0,67.0,98.0,254.0,49.0,79.0,1098.0,76.0,668.0,664.0,2322.0,71.0,97.0,520.0,5132.0,2150.0,39.0,394.0,379.0,878.0,468.0,156.0,699.0,243.0,93.0
63.0,56.0,125.0,93.0,114.0,98.0,58.0,91.0,55.0,51.0,28.0,48.0,91.0,35.0,19.0,15.0,38.0,76.0,25.0,17.0,50.0,13.0,35.0,79.0,32.0,25.0,64.0,40.0,38.0,50.0,42.0,45.0,63.0,41.0,78.0,55.0,66.0,63.0,140.0,62.0,57.0,99.0,171.0,81.0,91.0,62.0,91.0,40.0,89.0,124.0,37.0,146.0
0.0,0.0,0.0,0.0,0.0,0.0,0.0,0.0,0.0,0.0,0.0,0.0,0.0,0.0,0.0,1.0,5.0,12.0,19.0,13.0,19.0,22.0,57.0,20.0,36.0,39.0,20.0,16.0,21.0,26.0,43.0,21.0,9.0,30.0,12.0,4.0,3.0,8.0,3.0,1.0,0.0,1.0,0.0,0.0,0.0,0.0,0.0,0.0,0.0,0.0,0.0,0.0
23.0,28.0,11.0,29.0,21.0,49.0,15.0,23.0,23.0,22.0,19.0,14.0,23.0,17.0,20.0,16.0,16.0,13.0,17.0,16.0,16.0,15.0,20.0,16.0,22.0,22.0,16.0,15.0,18.0,16.0,16.0,13.0,17.0,15.0,16.0,17.0,21.0,15.0,12.0,21.0,16.0,22.0,23.0,20.0,27.0,20.0,29.0,22.0,17.0,17.0,13.0,12.0
0.0,0.0,0.0,0.0,0.0,0.0,1.0,0.0,0.0,0.0,0.0,1.0,1.0,4.0,0.0,1.0,9.0,4.0,4.0,10.0,19.0,7.0,21.0,9.0,38.0,12.0,4.0,9.0,8.0,2.0,9.0,9.0,16.0,5.0,4.0,5.0,5.0,3.0,0.0,0.0,0.0,0.0,1.0,0.0,0.0,0.0,0.0,0.0,2.0,0.0,0.0,0.0
2.0,2.0,2.0,5.0,3.0,1.0,0.0,0.0,0.0,4.0,5.0,2.0,1.0,5.0,5.0,9.0,12.0,13.0,18.0,13.0,24.0,16.0,15.0,20.0,14.0,7.0,15.0,20.0,9.0,16.0,18.0,9.0,17.0,6.0,9.0,13.0,12.0,2.0,12.0,4.0,2.0,0.0,13.0,2.0,0.0,0.0,2.0,3.0,0.0,5.0,1.0,8.0
71.0,437.0,638.0,527.0,257.0,121.0,85.0,160.0,63.0,133.0,27.0,212.0,158.0,127.0,613.0,136.0,321.0,94.0,28.0,80.0,7.0,3.0,1.0,1.0,0.0,19.0,79.0,178.0,260.0,150.0,218.0,334.0,137.0,629.0,223.0,628.0,53.0,110.0,3.0,115.0,61.0,117.0,279.0,230.0,44.0,100.0,313.0,258.0,220.0,53.0,61.0,1567.0
4.0,1.0,3.0,6.0,2.0,7.0,4.0,7.0,10.0,6.0,7.0,1.0,3.0,2.0,0.0,1.0,4.0,3.0,0.0,0.0,0.0,0.0,0.0,0.0,0.0,0.0,0.0,0.0,0.0,0.0,0.0,0.0,0.0,0.0,0.0,0.0,0.0,0.0,0.0,0.0,0.0,0.0,0.0,0.0,0.0,1.0,4.0,4.0,5.0,5.0,0.0,3.0
15.0,10.0,10.0,8.0,13.0,13.0,9.0,9.0,4.0,13.0,7.0,10.0,8.0,6.0,6.0,6.0,11.0,11.0,7.0,9.0,8.0,8.0,12.0,7.0,6.0,15.0,10.0,7.0,9.0,10.0,5.0,7.0,5.0,12.0,6.0,7.0,13.0,14.0,12.0,4.0,7.0,12.0,11.0,14.0,8.0,6.0,15.0,4.0,11.0,16.0,12.0,10.0
14.0,24.0,14.0,17.0,14.0,36.0,24.0,20.0,26.0,29.0,17.0,15.0,20.0,17.0,20.0,7.0,19.0,19.0,27.0,10.0,23.0,29.0,26.0,23.0,19.0,39.0,38.0,24.0,25.0,29.0,18.0,18.0,21.0,22.0,26.0,21.0,32.0,27.0,24.0,26.0,26.0,62.0,24.0,29.0,54.0,57.0,31.0,51.0,29.0,26.0,27.0,19.0
168.0,385.0,41.0,85.0,109.0,370.0,715.0,161.0,20.0,217.0,51.0,60.0,120.0,127.0,109.0,231.0,139.0,99.0,70.0,100.0,159.0,345.0,28.0,50.0,249.0,330.0,299.0,211.0,49.0,489.0,203.0,516.0,103.0,194.0,123.0,673.0,560.0,463.0,917.0,639.0,280.0,299.0,456.0,470.0,591.0,89.0,333.0,725.0,16.0,127.0,315.0,240.0
0.0,0.0,0.0,0.0,0.0,0.0,0.0,0.0,0.0,0.0,0.0,0.0,0.0,0.0,0.0,0.0,2.0,2.0,10.0,9.0,3.0,9.0,1.0,5.0,1.0,9.0,7.0,1.0,1.0,7.0,13.0,7.0,11.0,3.0,4.0,7.0,8.0,7.0,5.0,4.0,0.0,0.0,0.0,0.0,0.0,0.0,0.0,0.0,0.0,0.0,0.0,0.0
2.0,3.0,0.0,8.0,6.0,6.0,9.0,1.0,11.0,3.0,2.0,0.0,2.0,19.0,16.0,1.0,3.0,0.0,1.0,1.0,3.0,1.0,4.0,9.0,1.0,0.0,3.0,1.0,3.0,7.0,10.0,1.0,20.0,3.0,7.0,1.0,9.0,21.0,0.0,18.0,0.0,7.0,4.0,6.0,1.0,0.0,0.0,0.0,2.0,6.0,4.0,0.0
17.0,26.0,5.0,26.0,12.0,11.0,9.0,46.0,9.0,20.0,9.0,48.0,36.0,22.0,20.0,26.0,40.0,16.0,18.0,11.0,12.0,30.0,13.0,66.0,8.0,20.0,143.0,11.0,53.0,183.0,61.0,18.0,107.0,86.0,138.0,93.0,22.0,70.0,53.0,60.0,17.0,18.0,19.0,6.0,20.0,11.0,5.0,19.0,25.0,8.0,13.0,16.0
21.0,24.0,15.0,22.0,10.0,22.0,53.0,31.0,9.0,43.0,117.0,23.0,39.0,27.0,40.0,40.0,20.0,91.0,37.0,24.0,31.0,34.0,29.0,28.0,34.0,29.0,53.0,53.0,38.0,58.0,64.0,38.0,41.0,25.0,23.0,82.0,20.0,34.0,24.0,60.0,36.0,45.0,25.0,17.0,13.0,25.0,18.0,10.0,4.0,10.0,29.0,25.0
9.0,8.0,29.0,21.0,12.0,9.0,7.0,14.0,29.0,18.0,49.0,22.0,24.0,34.0,8.0,14.0,26.0,18.0,17.0,18.0,13.0,15.0,9.0,16.0,32.0,26.0,24.0,13.0,23.0,40.0,21.0,7.0,32.0,26.0,45.0,31.0,25.0,27.0,52.0,34.0,33.0,31.0,42.0,12.0,12.0,24.0,16.0,36.0,18.0,20.0,17.0,31.0
0.0,0.0,0.0,0.0,0.0,0.0,0.0,0.0,0.0,0.0,3.0,2.0,6.0,12.0,17.0,13.0,17.0,15.0,3.0,50.0,18.0,11.0,30.0,16.0,13.0,29.0,13.0,14.0,35.0,30.0,24.0,38.0,15.0,48.0,2.0,21.0,2.0,3.0,0.0,0.0,0.0,0.0,0.0,0.0,0.0,0.0,0.0,0.0,0.0,0.0,0.0,0.0
0.0,0.0,0.0,0.0,0.0,0.0,0.0,0.0,0.0,0.0,0.0,0.0,0.0,1.0,0.0,0.0,0.0,1.0,3.0,0.0,0.0,0.0,0.0,0.0,0.0,0.0,0.0,3.0,1.0,0.0,0.0,1.0,5.0,4.0,6.0,9.0,12.0,17.0,43.0,6.0,11.0,1.0,3.0,2.0,2.0,4.0,0.0,1.0,0.0,0.0,0.0,0.0
7.0,5.0,5.0,7.0,7.0,3.0,6.0,3.0,2.0,3.0,0.0,2.0,2.0,5.0,0.0,1.0,0.0,1.0,0.0,4.0,6.0,5.0,6.0,6.0,4.0,3.0,6.0,7.0,4.0,2.0,1.0,1.0,1.0,0.0,2.0,4.0,1.0,0.0,0.0,0.0,0.0,0.0,0.0,0.0,1.0,2.0,2.0,7.0,4.0,5.0,3.0,2.0
9.0,17.0,6.0,11.0,9.0,6.0,5.0,10.0,9.0,8.0,16.0,8.0,18.0,13.0,4.0,13.0,9.0,13.0,6.0,7.0,16.0,12.0,13.0,21.0,19.0,26.0,21.0,18.0,19.0,27.0,9.0,17.0,7.0,15.0,19.0,12.0,6.0,18.0,8.0,12.0,10.0,16.0,12.0,13.0,10.0,12.0,6.0,9.0,11.0,7.0,8.0,19.0
26.0,23.0,23.0,18.0,7.0,16.0,18.0,17.0,21.0,12.0,9.0,12.0,16.0,7.0,11.0,12.0,6.0,14.0,12.0,10.0,9.0,21.0,22.0,27.0,36.0,37.0,32.0,24.0,29.0,12.0,10.0,15.0,7.0,9.0,8.0,7.0,11.0,10.0,12.0,8.0,15.0,15.0,10.0,16.0,11.0,15.0,10.0,18.0,21.0,15.0,11.0,11.0
4.0,10.0,8.0,10.0,10.0,4.0,11.0,6.0,7.0,10.0,8.0,9.0,5.0,12.0,13.0,15.0,11.0,10.0,11.0,5.0,9.0,10.0,11.0,13.0,17.0,12.0,18.0,15.0,23.0,15.0,18.0,14.0,12.0,20.0,18.0,14.0,14.0,14.0,13.0,7.0,10.0,14.0,16.0,14.0,12.0,14.0,15.0,13.0,9.0,8.0,9.0,23.0
31.0,23.0,17.0,15.0,27.0,19.0,32.0,19.0,25.0,45.0,10.0,10.0,16.0,24.0,12.0,17.0,27.0,21.0,16.0,14.0,16.0,15.0,12.0,18.0,22.0,21.0,11.0,16.0,22.0,20.0,21.0,13.0,26.0,18.0,37.0,30.0,27.0,21.0,42.0,17.0,23.0,29.0,33.0,24.0,23.0,20.0,19.0,21.0,14.0,13.0,23.0,25.0
59.0,38.0,92.0,17.0,25.0,9.0,43.0,48.0,17.0,5.0,14.0,52.0,35.0,42.0,14.0,7.0,0.0,54.0,84.0,20.0,30.0,13.0,40.0,26.0,22.0,38.0,16.0,17.0,64.0,64.0,17.0,12.0,34.0,36.0,85.0,5.0,225.0,113.0,90.0,79.0,6.0,54.0,131.0,88.0,1.0,31.0,105.0,95.0,94.0,97.0,71.0,21.0
34.0,83.0,32.0,23.0,15.0,27.0,33.0,36.0,17.0,58.0,31.0,35.0,49.0,46.0,37.0,45.0,39.0,60.0,24.0,163.0,108.0,65.0,54.0,31.0,37.0,32.0,36.0,40.0,41.0,18.0,59.0,38.0,75.0,228.0,61.0,24.0,48.0,47.0,72.0,118.0,35.0,25.0,57.0,41.0,31.0,33.0,24.0,21.0,72.0,94.0,29.0,35.0
26.0,16.0,25.0,34.0,14.0,12.0,14.0,24.0,15.0,20.0,15.0,10.0,11.0,11.0,19.0,16.0,12.0,6.0,6.0,11.0,15.0,18.0,4.0,8.0,13.0,16.0,10.0,8.0,4.0,8.0,14.0,28.0,10.0,9.0,15.0,9.0,14.0,15.0,5.0,7.0,7.0,9.0,9.0,18.0,7.0,9.0,15.0,9.0,13.0,32.0,10.0,6.0
2135.0,1483.0,196.0,1228.0,809.0,873.0,764.0,3067.0,1070.0,329.0,511.0,235.0,403.0,108.0,181.0,170.0,264.0,118.0,302.0,290.0,167.0,313.0,541.0,220.0,585.0,161.0,297.0,308.0,663.0,624.0,341.0,450.0,289.0,1007.0,775.0,41.0,156.0,139.0,598.0,429.0,258.0,886.0,226.0,240.0,435.0,148.0,1322.0,3244.0,550.0,382.0,165.0,703.0
66.0,24.0,11.0,11.0,20.0,12.0,46.0,43.0,0.0,84.0,87.0,60.0,82.0,1.0,30.0,72.0,1.0,25.0,16.0,49.0,0.0,5.0,0.0,1.0,0.0,0.0,3.0,1.0,3.0,17.0,6.0,11.0,12.0,16.0,56.0,68.0,2.0,4.0,15.0,35.0,5.0,2.0,13.0,3.0,0.0,50.0,4.0,26.0,15.0,1.0,1.0,7.0
9.0,25.0,4.0,11.0,5.0,6.0,6.0,4.0,5.0,10.0,5.0,8.0,7.0,4.0,8.0,10.0,8.0,18.0,15.0,3.0,4.0,8.0,6.0,8.0,10.0,8.0,7.0,8.0,16.0,8.0,9.0,7.0,3.0,10.0,9.0,8.0,12.0,8.0,3.0,5.0,9.0,5.0,8.0,16.0,7.0,6.0,4.0,5.0,7.0,5.0,6.0,26.0
20.0,9.0,18.0,9.0,15.0,9.0,4.0,3.0,13.0,71.0,10.0,24.0,17.0,8.0,6.0,1.0,2.0,3.0,4.0,1.0,0.0,0.0,0.0,0.0,0.0,1.0,0.0,0.0,0.0,0.0,0.0,0.0,0.0,0.0,0.0,0.0,0.0,0.0,0.0,0.0,8.0,4.0,13.0,7.0,18.0,14.0,19.0,5.0,4.0,15.0,1.0,6.0
23.0,8.0,4.0,4.0,45.0,60.0,62.0,10.0,6.0,10.0,81.0,952.0,47.0,41.0,10.0,45.0,41.0,493.0,7.0,18.0,5.0,27.0,20.0,5.0,17.0,22.0,31.0,9.0,52.0,13.0,28.0,56.0,24.0,30.0,17.0,44.0,22.0,25.0,10.0,10.0,12.0,18.0,13.0,19.0,22.0,32.0,32.0,84.0,24.0,10.0,1.0,7.0
0.0,0.0,0.0,0.0,0.0,0.0,0.0,23.0,0.0,0.0,24.0,12.0,48.0,65.0,29.0,4.0,89.0,29.0,2.0,3.0,3.0,15.0,5.0,17.0,56.0,14.0,8.0,15.0,4.0,43.0,36.0,2.0,16.0,18.0,100.0,9.0,25.0,11.0,9.0,0.0,0.0,0.0,7.0,3.0,9.0,0.0,0.0,0.0,0.0,0.0,0.0,0.0
0.0,0.0,12.0,3.0,7.0,14.0,14.0,3.0,3.0,4.0,3.0,2.0,8.0,4.0,2.0,0.0,0.0,0.0,0.0,0.0,1.0,0.0,0.0,6.0,2.0,3.0,0.0,0.0,0.0,0.0,1.0,0.0,0.0,0.0,0.0,2.0,0.0,0.0,0.0,0.0,0.0,0.0,0.0,0.0,0.0,0.0,2.0,4.0,1.0,4.0,5.0,2.0
80.0,309.0,60.0,119.0,45.0,102.0,66.0,233.0,21.0,20.0,14.0,20.0,145.0,72.0,34.0,38.0,63.0,30.0,16.0,12.0,20.0,31.0,114.0,341.0,130.0,20.0,29.0,19.0,19.0,25.0,18.0,36.0,28.0,14.0,19.0,60.0,12.0,26.0,19.0,23.0,21.0,84.0,719.0,71.0,29.0,15.0,19.0,17.0,129.0,109.0,53.0,37.0
11.0,6.0,4.0,4.0,11.0,10.0,2.0,8.0,5.0,11.0,9.0,8.0,25.0,12.0,8.0,6.0,11.0,10.0,6.0,7.0,4.0,20.0,24.0,12.0,9.0,13.0,23.0,16.0,21.0,13.0,11.0,24.0,28.0,6.0,6.0,7.0,3.0,10.0,7.0,8.0,12.0,4.0,10.0,6.0,10.0,4.0,2.0,5.0,5.0,9.0,3.0,13.0
1.0,3.0,2.0,5.0,1.0,8.0,6.0,2.0,1.0,5.0,3.0,5.0,10.0,9.0,7.0,16.0,14.0,6.0,22.0,25.0,18.0,9.0,12.0,22.0,26.0,23.0,50.0,26.0,15.0,5.0,12.0,9.0,43.0,24.0,19.0,9.0,14.0,8.0,10.0,5.0,6.0,13.0,4.0,4.0,3.0,10.0,3.0,3.0,5.0,3.0,4.0,4.0
17.0,15.0,22.0,10.0,13.0,25.0,32.0,21.0,13.0,14.0,3.0,7.0,9.0,6.0,6.0,7.0,2.0,8.0,2.0,2.0,3.0,2.0,8.0,3.0,5.0,6.0,3.0,5.0,2.0,0.0,1.0,0.0,0.0,1.0,0.0,1.0,8.0,8.0,4.0,8.0,10.0,6.0,11.0,8.0,10.0,9.0,13.0,14.0,10.0,15.0,7.0,6.0
13.0,24.0,31.0,19.0,16.0,26.0,21.0,17.0,15.0,13.0,15.0,14.0,22.0,34.0,22.0,18.0,17.0,19.0,19.0,8.0,18.0,21.0,18.0,18.0,23.0,19.0,29.0,16.0,17.0,18.0,31.0,18.0,24.0,20.0,24.0,23.0,23.0,22.0,16.0,21.0,16.0,14.0,16.0,13.0,17.0,16.0,16.0,19.0,15.0,21.0,18.0,24.0
0.0,0.0,2.0,4.0,4.0,2.0,2.0,0.0,1.0,1.0,2.0,2.0,3.0,0.0,1.0,1.0,0.0,1.0,0.0,0.0,0.0,0.0,0.0,0.0,0.0,0.0,0.0,0.0,0.0,0.0,0.0,0.0,0.0,0.0,0.0,0.0,0.0,1.0,3.0,5.0,4.0,3.0,3.0,5.0,4.0,5.0,3.0,1.0,3.0,3.0,2.0,2.0
59.0,110.0,101.0,44.0,25.0,81.0,112.0,55.0,23.0,12.0,467.0,266.0,92.0,134.0,640.0,96.0,53.0,95.0,68.0,35.0,63.0,66.0,48.0,45.0,104.0,50.0,117.0,638.0,175.0,19.0,167.0,36.0,48.0,107.0,55.0,78.0,54.0,259.0,11.0,7.0,125042.0,106.0,221.0,4.0,32.0,5.0,0.0,36.0,232.0,14.0,28.0,301.0
12.0,10.0,8.0,8.0,9.0,8.0,5.0,6.0,4.0,8.0,8.0,5.0,6.0,7.0,6.0,4.0,7.0,7.0,5.0,9.0,7.0,6.0,15.0,14.0,14.0,6.0,5.0,10.0,11.0,8.0,5.0,4.0,2.0,5.0,7.0,7.0,4.0,9.0,5.0,6.0,11.0,6.0,12.0,9.0,6.0,10.0,11.0,5.0,7.0,10.0,8.0,10.0
0.0,0.0,1.0,10.0,1.0,4.0,0.0,0.0,0.0,3.0,2.0,5.0,6.0,56.0,28.0,51.0,58.0,32.0,16.0,24.0,19.0,8.0,71.0,23.0,37.0,68.0,41.0,9.0,38.0,8.0,287.0,135.0,47.0,35.0,43.0,16.0,20.0,19.0,6.0,14.0,1.0,18.0,1.0,0.0,0.0,0.0,1.0,3.0,4.0,1.0,5.0,0.0
13.0,55.0,32.0,36.0,60.0,52.0,17.0,19.0,65.0,34.0,31.0,14.0,17.0,29.0,19.0,38.0,63.0,23.0,38.0,27.0,22.0,21.0,15.0,25.0,18.0,33.0,33.0,40.0,25.0,30.0,96.0,32.0,52.0,51.0,40.0,44.0,27.0,15.0,34.0,14.0,51.0,22.0,23.0,39.0,26.0,53.0,42.0,25.0,31.0,24.0,11.0,12.0
6.0,4.0,4.0,7.0,0.0,3.0,4.0,7.0,7.0,12.0,8.0,5.0,3.0,0.0,1.0,1.0,0.0,0.0,2.0,1.0,0.0,1.0,0.0,1.0,3.0,3.0,0.0,0.0,1.0,1.0,1.0,2.0,0.0,1.0,0.0,5.0,1.0,2.0,0.0,3.0,2.0,4.0,11.0,4.0,1.0,19.0,3.0,3.0,4.0,6.0,6.0,3.0
19.0,18.0,7.0,46.0,128.0,22.0,18.0,12.0,7.0,28.0,23.0,46.0,30.0,24.0,24.0,34.0,29.0,27.0,28.0,19.0,33.0,21.0,15.0,34.0,32.0,48.0,54.0,23.0,50.0,101.0,113.0,56.0,112.0,103.0,247.0,59.0,41.0,38.0,25.0,138.0,90.0,38.0,128.0,36.0,77.0,57.0,92.0,13.0,18.0,7.0,9.0,12.0
48.0,52.0,38.0,23.0,39.0,44.0,38.0,55.0,32.0,26.0,41.0,18.0,57.0,24.0,26.0,14.0,30.0,35.0,22.0,23.0,14.0,22.0,42.0,19.0,18.0,34.0,25.0,37.0,18.0,39.0,46.0,28.0,86.0,40.0,41.0,43.0,61.0,30.0,44.0,47.0,36.0,49.0,27.0,44.0,25.0,56.0,32.0,55.0,44.0,51.0,30.0,49.0
6.0,24.0,17.0,22.0,12.0,15.0,15.0,21.0,9.0,24.0,10.0,14.0,14.0,18.0,19.0,8.0,12.0,23.0,13.0,8.0,15.0,13.0,15.0,7.0,6.0,4.0,5.0,8.0,14.0,10.0,9.0,3.0,8.0,19.0,9.0,13.0,14.0,13.0,6.0,22.0,13.0,13.0,10.0,11.0,11.0,12.0,12.0,14.0,28.0,26.0,4.0,23.0
50.0,26.0,29.0,70.0,34.0,18.0,26.0,39.0,29.0,27.0,25.0,65.0,34.0,19.0,23.0,35.0,29.0,15.0,8.0,7.0,3.0,0.0,1.0,0.0,0.0,0.0,1.0,0.0,1.0,2.0,1.0,1.0,1.0,3.0,2.0,8.0,7.0,24.0,44.0,49.0,25.0,51.0,27.0,140.0,28.0,32.0,17.0,21.0,22.0,65.0,33.0,38.0
9.0,1.0,6.0,1.0,4.0,4.0,11.0,1.0,2.0,4.0,3.0,7.0,0.0,4.0,6.0,0.0,0.0,5.0,2.0,1.0,4.0,0.0,0.0,0.0,0.0,0.0,0.0,3.0,0.0,2.0,1.0,2.0,7.0,1.0,13.0,0.0,17.0,23.0,6.0,1.0,8.0,0.0,1.0,0.0,3.0,2.0,3.0,5.0,6.0,1.0,10.0,21.0
0.0,0.0,0.0,0.0,2.0,0.0,1.0,2.0,0.0,2.0,0.0,0.0,3.0,0.0,0.0,0.0,3.0,7.0,6.0,6.0,4.0,6.0,4.0,1.0,3.0,2.0,1.0,3.0,1.0,0.0,4.0,1.0,0.0,0.0,0.0,1.0,0.0,1.0,3.0,1.0,0.0,0.0,1.0,0.0,0.0,0.0,0.0,0.0,0.0,0.0,0.0,0.0
0.0,0.0,0.0,0.0,0.0,0.0,0.0,0.0,0.0,0.0,0.0,0.0,0.0,0.0,7.0,3.0,17.0,25.0,25.0,9.0,0.0,11.0,0.0,0.0,16.0,0.0,2.0,0.0,5.0,0.0,5.0,20.0,1.0,0.0,0.0,8.0,1.0,0.0,1.0,0.0,0.0,0.0,0.0,0.0,0.0,0.0,0.0,0.0,0.0,0.0,0.0,0.0
70.0,67.0,64.0,40.0,71.0,30.0,44.0,67.0,71.0,89.0,154.0,53.0,108.0,59.0,78.0,84.0,51.0,64.0,33.0,68.0,111.0,104.0,263.0,84.0,61.0,118.0,78.0,74.0,124.0,58.0,40.0,83.0,92.0,73.0,160.0,59.0,190.0,45.0,103.0,187.0,79.0,98.0,104.0,31.0,65.0,61.0,41.0,46.0,119.0,45.0,120.0,138.0
0.0,0.0,1.0,0.0,2.0,2.0,1.0,1.0,4.0,5.0,2.0,8.0,8.0,4.0,4.0,8.0,2.0,3.0,2.0,4.0,7.0,2.0,1.0,2.0,6.0,1.0,7.0,2.0,0.0,0.0,3.0,0.0,0.0,0.0,0.0,0.0,0.0,0.0,0.0,0.0,0.0,0.0,0.0,0.0,0.0,0.0,0.0,0.0,0.0,0.0,0.0,0.0
37.0,3.0,14.0,4.0,1.0,12.0,6.0,7.0,3.0,11.0,1.0,2.0,0.0,5.0,3.0,0.0,19.0,2.0,4.0,9.0,3.0,2.0,23.0,7.0,1.0,2.0,7.0,1.0,37.0,3.0,9.0,14.0,15.0,3.0,26.0,35.0,20.0,13.0,10.0,12.0,3.0,4.0,4.0,7.0,37.0,14.0,23.0,23.0,1.0,2.0,6.0,1.0
0.0,0.0,0.0,0.0,0.0,0.0,0.0,0.0,0.0,0.0,0.0,0.0,0.0,0.0,0.0,0.0,0.0,0.0,0.0,0.0,0.0,0.0,0.0,0.0,1.0,0.0,1.0,1.0,11.0,1.0,0.0,0.0,0.0,0.0,0.0,5.0,3.0,0.0,0.0,0.0,0.0,0.0,2.0,0.0,0.0,0.0,0.0,0.0,0.0,0.0,0.0,0.0
5.0,6.0,4.0,4.0,8.0,7.0,6.0,1.0,4.0,4.0,3.0,2.0,1.0,0.0,3.0,3.0,1.0,0.0,0.0,0.0,0.0,0.0,0.0,0.0,0.0,0.0,0.0,0.0,0.0,0.0,0.0,0.0,0.0,0.0,0.0,0.0,0.0,0.0,0.0,0.0,0.0,0.0,0.0,1.0,0.0,3.0,1.0,4.0,3.0,1.0,1.0,1.0
36.0,19.0,21.0,18.0,75.0,36.0,49.0,23.0,11.0,51.0,22.0,13.0,53.0,23.0,40.0,85.0,132.0,39.0,170.0,92.0,81.0,74.0,87.0,62.0,27.0,55.0,35.0,87.0,234.0,73.0,49.0,119.0,112.0,189.0,81.0,85.0,76.0,16.0,6.0,95.0,4.0,23.0,18.0,24.0,32.0,7.0,6.0,67.0,21.0,15.0,9.0,19.0
76.0,89.0,24.0,77.0,50.0,93.0,135.0,87.0,99.0,74.0,45.0,119.0,99.0,48.0,57.0,71.0,32.0,35.0,16.0,35.0,14.0,52.0,12.0,4.0,13.0,16.0,10.0,14.0,9.0,18.0,28.0,14.0,22.0,6.0,25.0,47.0,6.0,34.0,38.0,30.0,83.0,38.0,78.0,150.0,89.0,56.0,59.0,109.0,78.0,36.0,78.0,45.0
45.0,11.0,7.0,10.0,13.0,13.0,19.0,7.0,20.0,9.0,10.0,6.0,12.0,8.0,6.0,8.0,8.0,6.0,4.0,4.0,8.0,7.0,7.0,14.0,8.0,6.0,8.0,16.0,12.0,6.0,8.0,10.0,8.0,46.0,11.0,17.0,6.0,11.0,12.0,10.0,10.0,14.0,12.0,10.0,10.0,10.0,19.0,7.0,13.0,8.0,11.0,14.0
392.0,347.0,204.0,948.0,472.0,229.0,92.0,19.0,391.0,263.0,554.0,2272.0,12173.0,125.0,391.0,3279.0,1298.0,373.0,548.0,58.0,14.0,4.0,31.0,1.0,3.0,15.0,37.0,87.0,629.0,335.0,771.0,7780.0,270.0,450.0,2743.0,391.0,317.0,31.0,395.0,493.0,1090.0,308.0,105.0,115.0,1028.0,558.0,603.0,137.0,227.0,224.0,339.0,21.0
24.0,10.0,9.0,15.0,30.0,19.0,7.0,10.0,2.0,12.0,18.0,28.0,40.0,19.0,58.0,15.0,36.0,48.0,40.0,24.0,22.0,17.0,32.0,39.0,38.0,42.0,25.0,52.0,48.0,32.0,56.0,29.0,35.0,27.0,53.0,77.0,22.0,69.0,18.0,16.0,5.0,25.0,15.0,36.0,44.0,8.0,9.0,17.0,6.0,14.0,9.0,14.0
36.0,20.0,38.0,19.0,13.0,22.0,13.0,10.0,28.0,33.0,14.0,64.0,5.0,29.0,78.0,13.0,47.0,142.0,63.0,33.0,28.0,27.0,22.0,45.0,123.0,42.0,54.0,76.0,177.0,61.0,266.0,148.0,187.0,33.0,102.0,67.0,14.0,17.0,17.0,9.0,11.0,101.0,10.0,0.0,5.0,52.0,33.0,10.0,11.0,74.0,24.0,53.0
77.0,226.0,76.0,73.0,94.0,129.0,320.0,197.0,249.0,136.0,156.0,325.0,50.0,64.0,356.0,82.0,21.0,21.0,14.0,20.0,37.0,11.0,16.0,15.0,53.0,9.0,1.0,4.0,13.0,12.0,19.0,22.0,6.0,11.0,20.0,41.0,93.0,75.0,73.0,160.0,206.0,180.0,145.0,95.0,409.0,9.0,319.0,57.0,50.0,126.0,166.0,110.0
0.0,0.0,0.0,0.0,0.0,0.0,0.0,0.0,0.0,0.0,1.0,0.0,1.0,0.0,0.0,0.0,0.0,0.0,0.0,1.0,2.0,0.0,1.0,0.0,0.0,0.0,0.0,0.0,0.0,0.0,0.0,0.0,3.0,3.0,5.0,5.0,3.0,3.0,6.0,2.0,1.0,0.0,1.0,0.0,0.0,4.0,4.0,1.0,1.0,2.0,2.0,4.0
2712.0,372.0,2354.0,10217.0,248.0,2296.0,2743.0,2741.0,2182.0,895.0,27590.0,11021.0,2855.0,654.0,497.0,60.0,322.0,138.0,541.0,324.0,6.0,8.0,2.0,2.0,7.0,6.0,4.0,1.0,4.0,4.0,3.0,3.0,7.0,7.0,8.0,14.0,10.0,9.0,17.0,13.0,65.0,5.0,2443.0,526.0,10145.0,15135.0,75.0,1034.0,12747.0,1291.0,11809.0,5872.0
0.0,0.0,0.0,0.0,0.0,0.0,0.0,0.0,0.0,0.0,0.0,0.0,0.0,0.0,0.0,0.0,0.0,0.0,0.0,0.0,4.0,9.0,6.0,3.0,4.0,5.0,2.0,2.0,1.0,0.0,0.0,0.0,0.0,0.0,0.0,0.0,0.0,0.0,0.0,0.0,0.0,0.0,0.0,0.0,0.0,0.0,0.0,0.0,0.0,0.0,0.0,0.0
0.0,0.0,0.0,0.0,4.0,1.0,0.0,3.0,1.0,2.0,0.0,1.0,2.0,3.0,3.0,6.0,3.0,25.0,11.0,8.0,15.0,15.0,15.0,17.0,12.0,8.0,11.0,7.0,6.0,11.0,2.0,1.0,7.0,8.0,4.0,6.0,3.0,3.0,2.0,3.0,4.0,2.0,3.0,1.0,0.0,0.0,0.0,1.0,0.0,0.0,1.0,0.0
0.0,0.0,0.0,0.0,1.0,0.0,0.0,0.0,0.0,0.0,0.0,0.0,0.0,0.0,0.0,2.0,14.0,14.0,20.0,13.0,29.0,10.0,24.0,16.0,20.0,23.0,16.0,7.0,11.0,12.0,11.0,3.0,12.0,11.0,4.0,7.0,7.0,10.0,4.0,1.0,0.0,0.0,0.0,0.0,0.0,0.0,0.0,0.0,0.0,0.0,0.0,0.0
2.0,0.0,1.0,4.0,2.0,6.0,1.0,6.0,2.0,2.0,2.0,3.0,3.0,0.0,3.0,6.0,4.0,2.0,3.0,1.0,1.0,3.0,1.0,1.0,2.0,2.0,3.0,1.0,2.0,0.0,1.0,2.0,5.0,0.0,1.0,2.0,6.0,1.0,4.0,1.0,5.0,1.0,3.0,1.0,1.0,3.0,3.0,1.0,3.0,0.0,0.0,3.0
12.0,5.0,15.0,2.0,10.0,0.0,7.0,17.0,4.0,3.0,2.0,2.0,8.0,2.0,5.0,2.0,19.0,5.0,3.0,13.0,2.0,2.0,0.0,1.0,0.0,0.0,3.0,5.0,6.0,4.0,2.0,1.0,7.0,4.0,16.0,9.0,3.0,10.0,0.0,2.0,3.0,8.0,1.0,0.0,5.0,2.0,10.0,4.0,6.0,1.0,0.0,1.0
61.0,26.0,28.0,49.0,28.0,27.0,63.0,20.0,18.0,42.0,39.0,17.0,27.0,51.0,23.0,21.0,48.0,68.0,41.0,30.0,26.0,30.0,27.0,34.0,24.0,40.0,49.0,48.0,43.0,65.0,31.0,32.0,60.0,30.0,76.0,62.0,48.0,44.0,16.0,29.0,19.0,32.0,38.0,31.0,30.0,36.0,60.0,21.0,28.0,13.0,31.0,41.0
3.0,2.0,1.0,3.0,2.0,17.0,4.0,0.0,11.0,3.0,3.0,15.0,81.0,25.0,14.0,52.0,16.0,18.0,21.0,18.0,33.0,22.0,14.0,18.0,11.0,17.0,20.0,41.0,22.0,23.0,30.0,54.0,21.0,22.0,18.0,25.0,114.0,12.0,38.0,98.0,7.0,5.0,3.0,4.0,5.0,0.0,0.0,0.0,0.0,0.0,2.0,1.0
0.0,0.0,0.0,0.0,0.0,0.0,0.0,0.0,0.0,0.0,0.0,0.0,1.0,0.0,2.0,6.0,15.0,9.0,8.0,7.0,12.0,0.0,13.0,9.0,21.0,5.0,3.0,8.0,7.0,11.0,5.0,8.0,7.0,3.0,1.0,2.0,8.0,3.0,6.0,0.0,0.0,0.0,2.0,0.0,1.0,0.0,0.0,0.0,0.0,0.0,0.0,0.0
3.0,6.0,4.0,1.0,1.0,3.0,1.0,0.0,1.0,5.0,1.0,2.0,1.0,1.0,2.0,2.0,1.0,1.0,4.0,2.0,0.0,2.0,1.0,0.0,0.0,0.0,1.0,0.0,0.0,0.0,0.0,0.0,0.0,2.0,0.0,1.0,0.0,1.0,0.0,5.0,0.0,0.0,4.0,4.0,0.0,0.0,0.0,2.0,8.0,5.0,1.0,43.0
409.0,804.0,1137.0,775.0,32.0,1608.0,468.0,5052.0,195.0,213.0,30.0,149.0,80.0,22.0,20.0,15.0,22.0,21.0,23.0,33.0,32.0,28.0,40.0,24.0,22.0,25.0,33.0,71.0,31.0,27.0,18.0,32.0,18.0,34.0,35.0,46.0,21.0,152.0,112.0,257.0,279.0,906.0,995.0,3649.0,1791.0,1057.0,88.0,393.0,177.0,728.0,2074.0,585.0
3.0,9.0,0.0,1.0,3.0,5.0,2.0,3.0,2.0,4.0,2.0,2.0,4.0,10.0,5.0,10.0,8.0,3.0,12.0,2.0,9.0,6.0,6.0,9.0,27.0,7.0,6.0,3.0,3.0,6.0,6.0,8.0,5.0,7.0,5.0,11.0,3.0,4.0,7.0,6.0,5.0,1.0,8.0,17.0,0.0,0.0,6.0,0.0,0.0,1.0,4.0,4.0
2.0,0.0,0.0,0.0,1.0,2.0,0.0,0.0,0.0,1.0,1.0,2.0,8.0,4.0,5.0,15.0,20.0,13.0,12.0,12.0,6.0,7.0,9.0,16.0,6.0,18.0,11.0,16.0,7.0,23.0,22.0,18.0,23.0,19.0,19.0,5.0,8.0,12.0,10.0,7.0,8.0,3.0,5.0,1.0,1.0,4.0,0.0,0.0,0.0,0.0,0.0,0.0
0.0,0.0,0.0,0.0,0.0,0.0,0.0,0.0,0.0,0.0,0.0,0.0,0.0,0.0,1.0,3.0,5.0,13.0,14.0,25.0,15.0,32.0,28.0,25.0,25.0,28.0,24.0,24.0,29.0,13.0,24.0,8.0,15.0,12.0,9.0,5.0,13.0,56.0,7.0,11.0,5.0,4.0,1.0,1.0,0.0,0.0,0.0,0.0,0.0,0.0,0.0,0.0
0.0,0.0,0.0,0.0,0.0,0.0,0.0,0.0,0.0,0.0,0.0,0.0,0.0,54.0,60.0,608.0,1.0,123.0,66.0,28.0,9.0,5.0,7.0,2.0,4.0,15.0,35.0,6.0,18.0,61.0,418.0,314.0,279.0,20.0,148.0,1467.0,303.0,154.0,89.0,578.0,56.0,5.0,0.0,103.0,0.0,0.0,0.0,0.0,0.0,0.0,0.0,0.0
126.0,164.0,33.0,151.0,28.0,75.0,312.0,13.0,53.0,4.0,53.0,103.0,55.0,450.0,31.0,53.0,76.0,50.0,19.0,12.0,28.0,11.0,15.0,77.0,263.0,416.0,510.0,6.0,121.0,78.0,478.0,105.0,11.0,41.0,103.0,586.0,70.0,93.0,39.0,87.0,121.0,15.0,79.0,28.0,123.0,219.0,32.0,415.0,64.0,307.0,3.0,286.0
11.0,9.0,6.0,9.0,5.0,9.0,31.0,5.0,6.0,13.0,3.0,7.0,19.0,7.0,9.0,4.0,14.0,7.0,10.0,11.0,18.0,18.0,11.0,18.0,10.0,14.0,36.0,18.0,16.0,12.0,17.0,8.0,4.0,10.0,22.0,31.0,39.0,13.0,14.0,11.0,24.0,20.0,11.0,67.0,26.0,10.0,73.0,11.0,9.0,24.0,41.0,28.0
13.0,10.0,11.0,11.0,5.0,3.0,7.0,8.0,7.0,11.0,8.0,7.0,9.0,9.0,6.0,8.0,11.0,10.0,7.0,12.0,10.0,9.0,6.0,8.0,8.0,8.0,9.0,7.0,5.0,9.0,9.0,10.0,12.0,11.0,10.0,11.0,8.0,5.0,8.0,7.0,10.0,7.0,7.0,4.0,8.0,7.0,9.0,12.0,12.0,13.0,5.0,13.0
2709.0,985.0,76.0,234.0,566.0,195.0,278.0,287.0,86.0,236.0,151.0,177.0,1275.0,87.0,147.0,106.0,157.0,84.0,114.0,107.0,67.0,56.0,49.0,167.0,73.0,267.0,732.0,108.0,71.0,178.0,158.0,113.0,166.0,364.0,480.0,129.0,497.0,151.0,221.0,1637.0,155.0,136.0,92.0,227.0,71.0,561.0,200.0,1262.0,1183.0,393.0,299.0,683.0
5.0,0.0,2.0,2.0,3.0,2.0,7.0,1.0,7.0,0.0,1.0,0.0,7.0,1.0,1.0,1.0,1.0,5.0,3.0,4.0,6.0,9.0,5.0,7.0,13.0,4.0,5.0,4.0,15.0,8.0,9.0,4.0,8.0,4.0,8.0,5.0,4.0,6.0,4.0,1.0,8.0,4.0,4.0,6.0,5.0,4.0,1.0,2.0,2.0,3.0,9.0,2.0
1.0,0.0,0.0,1.0,0.0,1.0,0.0,3.0,1.0,2.0,1.0,0.0,3.0,6.0,4.0,9.0,11.0,15.0,23.0,9.0,15.0,17.0,11.0,18.0,11.0,19.0,16.0,12.0,11.0,13.0,14.0,12.0,9.0,11.0,11.0,12.0,9.0,7.0,7.0,7.0,6.0,2.0,0.0,1.0,1.0,2.0,0.0,0.0,0.0,0.0,0.0,0.0
16.0,8.0,7.0,9.0,11.0,8.0,9.0,11.0,8.0,9.0,8.0,9.0,9.0,7.0,6.0,9.0,10.0,12.0,13.0,9.0,11.0,9.0,7.0,10.0,10.0,10.0,8.0,13.0,13.0,12.0,14.0,11.0,11.0,7.0,7.0,7.0,10.0,12.0,5.0,8.0,5.0,5.0,7.0,9.0,8.0,8.0,6.0,9.0,10.0,13.0,8.0,7.0
0.0,0.0,0.0,6.0,1.0,0.0,2.0,0.0,0.0,0.0,0.0,0.0,0.0,1.0,0.0,1.0,0.0,1.0,0.0,0.0,0.0,0.0,0.0,0.0,0.0,0.0,0.0,0.0,0.0,0.0,0.0,0.0,1.0,1.0,1.0,4.0,0.0,4.0,3.0,0.0,0.0,0.0,1.0,0.0,0.0,0.0,0.0,0.0,1.0,0.0,0.0,0.0
88.0,1996.0,96.0,136.0,39.0,193.0,179.0,74.0,46.0,185.0,927.0,270.0,1120.0,191.0,1066.0,265.0,449.0,137.0,54.0,46.0,67.0,35.0,163.0,37.0,38.0,79.0,22.0,52.0,25.0,58.0,25.0,132.0,176.0,49.0,156.0,103.0,84.0,233.0,80.0,291.0,178.0,157.0,623.0,87.0,892.0,569.0,210.0,300.0,286.0,303.0,401.0,327.0
1.0,0.0,0.0,0.0,0.0,2.0,1.0,1.0,0.0,1.0,9.0,19.0,7.0,9.0,12.0,10.0,63.0,21.0,12.0,3.0,8.0,0.0,1.0,1.0,1.0,1.0,6.0,10.0,11.0,5.0,3.0,10.0,10.0,14.0,11.0,3.0,6.0,5.0,5.0,3.0,5.0,5.0,0.0,0.0,0.0,0.0,1.0,3.0,8.0,2.0,1.0,7.0
89.0,16.0,47.0,42.0,136.0,18.0,26.0,43.0,31.0,115.0,34.0,68.0,10.0,10.0,8.0,11.0,14.0,17.0,15.0,11.0,3.0,25.0,7.0,11.0,12.0,21.0,8.0,9.0,43.0,38.0,34.0,21.0,21.0,4.0,9.0,32.0,39.0,108.0,7.0,38.0,135.0,28.0,134.0,100.0,71.0,26.0,0.0,48.0,66.0,42.0,103.0,63.0
0.0,0.0,0.0,0.0,0.0,0.0,0.0,0.0,0.0,0.0,0.0,0.0,0.0,0.0,0.0,0.0,0.0,0.0,0.0,1.0,0.0,0.0,0.0,0.0,0.0,0.0,1.0,4.0,2.0,5.0,3.0,4.0,4.0,6.0,7.0,26.0,5.0,2.0,0.0,1.0,0.0,1.0,1.0,0.0,0.0,0.0,0.0,0.0,0.0,0.0,0.0,0.0
11.0,10.0,5.0,9.0,9.0,12.0,6.0,7.0,13.0,7.0,6.0,5.0,6.0,8.0,4.0,4.0,5.0,4.0,2.0,0.0,0.0,0.0,0.0,0.0,0.0,0.0,0.0,0.0,0.0,0.0,0.0,1.0,1.0,0.0,4.0,5.0,15.0,4.0,8.0,8.0,7.0,4.0,10.0,8.0,8.0,7.0,7.0,8.0,10.0,6.0,10.0,5.0
0.0,0.0,0.0,0.0,0.0,0.0,0.0,0.0,0.0,0.0,0.0,0.0,0.0,0.0,0.0,0.0,0.0,0.0,0.0,0.0,0.0,0.0,0.0,1.0,0.0,0.0,1.0,0.0,0.0,0.0,0.0,0.0,0.0,0.0,3.0,3.0,3.0,2.0,0.0,1.0,0.0,1.0,1.0,0.0,0.0,0.0,0.0,0.0,0.0,0.0,0.0,0.0
3.0,108.0,22.0,3.0,0.0,1.0,0.0,0.0,0.0,1.0,0.0,0.0,0.0,0.0,0.0,0.0,15.0,22.0,28.0,15.0,10.0,37.0,142.0,21.0,140.0,55.0,184.0,1135.0,76.0,458.0,403.0,2074.0,31.0,325.0,1507.0,471.0,567.0,133.0,14.0,38.0,480.0,309.0,2127.0,4350.0,2124.0,277.0,1296.0,240.0,118.0,165.0,20.0,119.0
0.0,0.0,0.0,0.0,0.0,0.0,3.0,3.0,25.0,865.0,191.0,645.0,398.0,350.0,503.0,965.0,369.0,586.0,106.0,234.0,193.0,179.0,143.0,362.0,985.0,149.0,426.0,479.0,138.0,166.0,122.0,36.0,40.0,62.0,28.0,42.0,17.0,177.0,12.0,6.0,3.0,12.0,0.0,1.0,0.0,0.0,0.0,0.0,0.0,0.0,0.0,0.0
43.0,18.0,22.0,19.0,9.0,21.0,29.0,20.0,17.0,33.0,15.0,35.0,20.0,25.0,33.0,28.0,23.0,17.0,20.0,16.0,16.0,15.0,34.0,21.0,13.0,18.0,16.0,13.0,27.0,50.0,57.0,67.0,59.0,36.0,14.0,25.0,22.0,14.0,15.0,24.0,20.0,11.0,9.0,20.0,18.0,36.0,21.0,38.0,8.0,16.0,42.0,73.0
9.0,10.0,7.0,13.0,9.0,7.0,10.0,6.0,13.0,5.0,5.0,2.0,7.0,18.0,8.0,4.0,1.0,5.0,4.0,2.0,7.0,7.0,2.0,1.0,0.0,0.0,0.0,0.0,0.0,4.0,3.0,5.0,11.0,12.0,13.0,11.0,18.0,7.0,12.0,5.0,12.0,15.0,6.0,10.0,7.0,7.0,14.0,9.0,10.0,15.0,9.0,8.0
0.0,0.0,0.0,0.0,0.0,0.0,0.0,0.0,0.0,0.0,0.0,0.0,0.0,1.0,2.0,5.0,5.0,10.0,16.0,10.0,37.0,13.0,20.0,26.0,45.0,27.0,34.0,28.0,37.0,36.0,32.0,54.0,19.0,21.0,30.0,2.0,13.0,8.0,8.0,2.0,1.0,0.0,0.0,0.0,0.0,0.0,0.0,0.0,0.0,0.0,0.0,0.0
3.0,0.0,1.0,3.0,4.0,2.0,2.0,1.0,0.0,4.0,5.0,1.0,2.0,4.0,3.0,15.0,17.0,6.0,18.0,17.0,15.0,25.0,27.0,19.0,18.0,21.0,18.0,22.0,23.0,20.0,17.0,13.0,45.0,49.0,44.0,18.0,15.0,17.0,21.0,6.0,2.0,2.0,3.0,1.0,1.0,0.0,0.0,0.0,1.0,8.0,4.0,3.0
0.0,0.0,0.0,0.0,0.0,0.0,0.0,0.0,0.0,0.0,1.0,1.0,0.0,1.0,13.0,3.0,0.0,1.0,1.0,1.0,6.0,0.0,1.0,27.0,0.0,4.0,2.0,59.0,3.0,7.0,14.0,9.0,3.0,68.0,197.0,163.0,25.0,9.0,3.0,0.0,1.0,2.0,4.0,1.0,0.0,3.0,0.0,0.0,0.0,0.0,1.0,0.0
9.0,50.0,19.0,37.0,13.0,8.0,12.0,3.0,4.0,3.0,6.0,7.0,5.0,0.0,180.0,3.0,173.0,18.0,34.0,39.0,86.0,1.0,68.0,8.0,110.0,31.0,7.0,25.0,61.0,226.0,154.0,14.0,19.0,1.0,3.0,35.0,9.0,24.0,11.0,47.0,22.0,17.0,52.0,17.0,38.0,34.0,19.0,18.0,22.0,30.0,7.0,28.0
72.0,112.0,144.0,57.0,128.0,119.0,78.0,129.0,91.0,72.0,102.0,119.0,77.0,114.0,87.0,97.0,107.0,120.0,62.0,64.0,91.0,88.0,61.0,38.0,86.0,85.0,71.0,94.0,51.0,160.0,181.0,243.0,94.0,92.0,94.0,177.0,147.0,181.0,73.0,55.0,161.0,161.0,115.0,86.0,113.0,150.0,108.0,92.0,123.0,224.0,74.0,131.0
3.0,2.0,2.0,5.0,2.0,7.0,136.0,6.0,6.0,7.0,25.0,8.0,2.0,2.0,0.0,0.0,0.0,1.0,1.0,1.0,1.0,0.0,0.0,0.0,1.0,0.0,1.0,0.0,0.0,0.0,0.0,0.0,0.0,0.0,0.0,0.0,0.0,0.0,0.0,1.0,0.0,0.0,0.0,1.0,41.0,11.0,13.0,8.0,4.0,0.0,0.0,35.0
41.0,2292.0,33.0,370.0,81.0,200.0,55.0,50.0,285.0,119.0,55.0,82.0,96.0,56.0,50.0,19.0,85.0,41.0,106.0,13.0,13.0,8.0,21.0,30.0,15.0,24.0,13.0,20.0,16.0,26.0,25.0,11.0,51.0,18.0,9.0,20.0,17.0,11.0,5.0,11.0,20.0,55.0,167.0,89.0,20.0,136.0,171.0,36.0,126.0,17.0,81.0,60.0
23.0,15.0,9.0,16.0,14.0,18.0,13.0,13.0,20.0,19.0,17.0,13.0,25.0,23.0,33.0,51.0,35.0,40.0,24.0,15.0,23.0,16.0,10.0,17.0,13.0,7.0,11.0,11.0,24.0,8.0,9.0,12.0,11.0,19.0,16.0,13.0,7.0,14.0,9.0,21.0,7.0,20.0,19.0,14.0,13.0,10.0,11.0,10.0,21.0,23.0,19.0,10.0
504.0,0.0,3.0,1067.0,127.0,73.0,393.0,34.0,461.0,88.0,110.0,96.0,938.0,633.0,467.0,224.0,1039.0,913.0,700.0,406.0,1328.0,496.0,3275.0,1819.0,3713.0,3391.0,7205.0,3145.0,722.0,2330.0,198.0,1193.0,269.0,491.0,759.0,352.0,58.0,116.0,18.0,267.0,10.0,303.0,48.0,0.0,14.0,0.0,65.0,3.0,68.0,12.0,148.0,8.0
17.0,14.0,19.0,15.0,12.0,23.0,14.0,15.0,10.0,13.0,9.0,8.0,12.0,13.0,12.0,9.0,12.0,9.0,10.0,7.0,9.0,8.0,12.0,18.0,14.0,8.0,11.0,8.0,14.0,13.0,12.0,9.0,9.0,12.0,7.0,9.0,10.0,9.0,10.0,7.0,8.0,11.0,11.0,10.0,10.0,12.0,10.0,15.0,6.0,16.0,17.0,13.0
37.0,42.0,30.0,12.0,17.0,22.0,49.0,18.0,27.0,41.0,21.0,18.0,12.0,10.0,11.0,11.0,11.0,14.0,20.0,18.0,24.0,27.0,19.0,25.0,19.0,34.0,13.0,10.0,12.0,15.0,15.0,16.0,21.0,15.0,23.0,21.0,38.0,18.0,18.0,21.0,13.0,9.0,12.0,27.0,14.0,17.0,12.0,10.0,15.0,41.0,25.0,12.0
3.0,2.0,1.0,3.0,2.0,5.0,3.0,6.0,2.0,3.0,2.0,0.0,4.0,8.0,6.0,11.0,7.0,13.0,10.0,13.0,14.0,14.0,25.0,11.0,3.0,9.0,12.0,13.0,15.0,24.0,17.0,18.0,13.0,12.0,19.0,12.0,16.0,6.0,5.0,9.0,9.0,5.0,4.0,3.0,1.0,3.0,3.0,0.0,2.0,1.0,4.0,1.0
