Week-1,Week-2,Week-3,Week-4,Week-5,Week-6,Week-7,Week-8,Week-9,Week-10,Week-11,Week-12,Week-13,Week-14,Week-18,Week-19,Week-20,Week-21,Week-22,Week-23,Week-24,Week-25,Week-26,Week-27,Week-28,Week-29,Week-30,Week-31,Week-32,Week-33,Week-34,Week-35,Week-36,Week-37,Week-38,Week-39,Week-40,Week-41,Week-42,Week-43,Week-44,Week-45,Week-46,Week-47,Week-48,Week-49,Week-50,Week-51,Week-52,Week-53
2,3,2,1,0,0,0,1,1,1,0,1,0,0,0,0,0,0,0,0,0,0,0,0,0,0,0,0,0,0,0,0,0,0,0,0,1,0,0,2,0,0,0,0,0,0,0,0,0,0
14,17,16,22,21,20,11,29,26,26,20,40,43,13,28,102,61,51,43,41,50,38,40,38,27,31,38,35,30,29,17,26,30,30,32,27,26,21,23,35,15,19,16,18,23,24,17,20,17,14
4,4,4,1,6,1,1,8,1,4,4,7,6,2,2,5,5,7,8,7,7,1,4,5,5,6,8,4,8,5,2,6,2,1,4,2,2,4,8,6,1,5,6,2,5,3,8,9,5,2
4,3,9,0,3,7,4,3,5,1,5,4,4,0,9,11,1,0,0,0,0,0,3,2,8,15,11,15,10,18,12,8,12,8,8,1,2,4,5,5,5,0,2,3,7,4,5,3,2,3
4,6,9,7,5,8,9,5,4,4,4,2,1,0,0,0,1,1,0,0,0,0,0,0,0,0,0,0,0,0,0,0,0,0,1,2,4,0,0,3,4,8,12,5,10,8,7,7,7,5
0,0,0,0,0,0,0,0,0,0,0,0,0,0,0,0,0,0,0,0,0,0,3,7,9,0,12,0,2,1,2,0,0,0,0,0,0,0,0,0,1,1,0,0,0,0,0,1,0,0
1,2,4,1,3,0,1,0,0,5,1,1,1,0,0,2,0,0,2,0,0,0,0,1,0,0,0,1,2,1,0,1,0,0,5,2,1,1,1,6,5,4,10,1,12,7,5,3,3,2
7,10,10,14,8,6,2,11,4,9,4,1,1,1,0,0,2,0,2,0,0,0,0,1,2,0,0,0,0,0,0,0,1,0,1,1,0,2,1,3,5,5,12,2,2,8,7,10,17,11
7,7,8,10,7,4,3,12,9,5,4,4,1,0,0,0,0,0,0,0,0,0,0,0,0,1,8,7,16,12,8,13,14,19,13,12,12,13,12,13,11,15,13,17,11,10,12,13,8,10
2,1,1,1,1,2,6,6,3,5,4,6,6,0,0,0,0,1,1,1,0,0,0,0,0,5,5,1,1,3,0,0,0,1,1,1,0,0,7,1,2,1,1,2,1,2,0,1,0,1
11,4,13,9,10,12,23,7,7,6,5,8,8,3,2,3,2,0,0,0,0,0,0,1,0,7,6,5,5,6,4,7,10,11,8,7,6,11,3,11,5,9,20,11,4,4,9,14,12,14
4,5,8,8,3,3,7,2,5,9,2,6,8,7,2,1,1,2,3,0,5,10,1,7,8,2,4,5,10,6,10,3,6,9,2,9,3,6,10,2,11,3,3,4,4,0,4,1,4,1
20,19,41,21,19,18,13,24,6,29,10,14,14,5,2,1,2,2,2,0,1,0,1,1,0,2,2,0,0,1,0,2,3,0,1,0,5,10,2,18,24,17,22,26,25,16,31,35,47,18
0,0,0,0,1,0,0,0,1,0,1,0,1,0,7,28,18,17,8,5,11,28,6,14,16,11,13,13,14,7,3,5,10,15,20,14,10,6,3,0,2,0,1,1,1,1,1,0,3,0
12,11,5,12,6,3,10,12,10,10,10,9,5,5,1,1,3,2,2,2,5,2,6,3,1,1,1,0,1,0,2,0,0,0,4,11,23,32,27,30,24,28,51,31,29,32,35,16,22,15
12,9,28,12,13,1,6,0,2,2,0,0,0,0,0,0,0,1,0,0,0,0,0,0,0,0,0,0,0,0,0,0,0,0,0,0,0,0,0,3,8,8,6,9,29,29,27,18,13,55
10,7,7,6,4,8,3,12,7,3,3,6,3,0,3,3,4,9,7,3,3,5,5,8,16,16,6,16,18,6,8,8,13,5,14,6,3,13,7,6,11,13,22,11,15,12,11,17,11,12
16,29,23,17,18,14,19,30,16,13,20,22,10,1,2,14,11,14,12,6,13,4,6,5,0,1,2,4,1,6,3,2,3,11,6,9,16,7,12,23,18,16,19,23,46,35,11,37,36,44
0,0,0,0,0,0,0,0,0,0,0,0,0,0,0,8,0,4,2,1,0,1,1,0,1,4,4,2,2,4,4,7,4,4,2,0,2,1,0,0,0,0,0,0,1,0,0,0,0,3
0,0,0,0,0,0,1,0,0,0,0,0,0,0,0,0,0,0,0,0,0,1,2,1,0,0,0,1,0,0,0,0,1,0,0,1,0,0,0,1,0,0,1,0,0,0,0,0,0,0
17,28,33,20,24,21,43,38,33,35,15,16,15,1,1,2,4,0,1,2,1,1,1,0,0,0,1,0,0,0,0,0,14,6,15,17,11,26,22,14,36,50,32,51,68,129,39,79,97,50
0,1,3,4,2,10,1,3,3,0,1,5,1,1,0,0,0,0,0,0,0,0,0,0,0,1,3,3,2,2,0,1,1,2,2,1,3,2,1,2,1,1,5,2,2,2,0,1,4,4
1,0,1,1,0,1,0,0,0,0,0,0,0,0,0,0,0,0,0,0,0,0,0,0,0,0,0,0,0,0,0,0,0,0,0,0,0,0,0,0,0,0,1,5,3,0,5,2,1,1
1,2,1,1,0,1,1,0,0,2,1,1,2,0,1,1,1,1,2,1,1,1,0,0,0,0,0,0,1,1,2,9,0,3,1,1,3,0,2,1,0,1,1,1,0,2,1,1,0,0
1,2,0,1,0,0,0,0,0,2,0,2,1,1,1,3,3,2,2,1,4,0,2,1,5,0,2,1,0,2,5,0,1,0,0,0,0,4,7,1,3,3,1,1,3,1,2,8,0,4
0,1,0,0,0,0,0,0,1,1,0,0,0,0,0,1,4,0,0,0,0,0,0,0,3,0,6,2,8,4,3,2,7,1,3,2,1,0,2,1,0,1,1,0,0,1,0,0,0,0
1,1,2,0,3,0,3,3,3,1,2,1,0,0,1,5,7,3,2,3,3,2,4,1,0,0,1,0,0,2,0,0,1,0,1,3,1,8,5,3,2,2,1,2,9,5,0,1,1,4
4,2,2,1,1,1,1,3,1,1,0,1,0,0,0,0,0,1,0,1,0,0,0,2,0,0,0,0,0,0,0,0,2,0,1,0,2,1,1,1,1,0,1,0,1,0,3,3,6,5
0,0,0,0,0,0,0,0,0,1,0,1,0,0,3,0,0,0,0,0,1,0,0,0,0,0,0,0,0,0,0,0,0,0,0,0,1,1,0,0,0,2,4,2,1,1,0,0,0,1
42,36,36,40,48,39,48,64,43,49,38,56,53,11,61,84,68,85,48,57,51,60,46,45,48,45,42,32,43,38,27,41,42,26,64,53,45,65,59,55,47,43,73,51,61,77,52,59,50,43
15,4,12,4,8,14,5,8,10,9,11,2,1,2,3,1,2,0,0,0,0,0,0,0,0,0,1,0,0,0,0,0,0,1,1,3,0,13,12,34,11,10,14,19,21,7,19,8,21,21
1,5,5,3,0,2,1,3,0,0,1,1,0,0,0,0,0,0,1,0,0,1,1,0,3,0,0,0,1,2,0,0,0,0,0,1,1,1,4,0,2,0,2,1,4,2,1,4,0,2
3,2,2,4,0,4,4,2,2,1,0,1,1,0,0,0,0,0,0,0,0,0,0,0,0,0,0,0,0,0,0,0,0,0,1,1,0,1,5,4,3,4,3,3,6,8,6,7,6,2
0,0,0,0,0,0,0,1,1,1,0,0,0,1,1,2,3,1,0,2,1,3,3,2,3,2,7,1,3,1,4,0,0,2,1,0,1,0,1,1,1,2,1,0,0,2,1,1,0,0
0,0,0,0,0,1,0,2,0,0,0,0,0,0,0,0,0,0,1,0,3,3,3,0,1,5,11,4,13,2,8,0,3,6,1,3,1,0,1,0,0,1,0,0,0,0,0,0,0,0
1,0,0,1,3,0,0,0,0,0,0,1,0,1,0,2,1,1,0,1,0,0,0,0,0,1,0,0,0,0,0,0,0,0,0,1,0,0,1,0,0,0,0,0,0,1,0,0,0,0
0,0,0,0,0,0,0,0,0,0,0,0,0,0,0,0,0,0,0,0,0,0,0,0,0,0,0,0,0,1,3,1,0,4,1,1,0,1,2,2,0,1,0,1,0,0,0,0,0,0
15,23,18,12,5,6,20,16,16,6,1,1,3,0,0,2,0,0,0,1,0,1,0,1,0,0,0,1,0,0,0,0,2,3,1,0,0,0,0,6,17,6,21,11,43,45,41,53,63,34
12,7,7,16,6,11,12,22,16,8,4,7,4,4,6,18,14,19,13,11,15,10,16,11,11,12,9,13,13,16,8,8,7,10,22,12,10,12,14,8,15,16,7,7,14,12,3,9,15,4
1,0,1,0,1,1,0,0,0,0,1,0,0,0,0,1,1,0,0,0,0,0,0,0,0,0,0,0,0,0,0,0,0,0,0,0,0,0,0,1,10,1,1,0,3,2,1,1,1,5
0,2,3,0,3,4,6,2,2,2,6,2,3,0,14,48,40,22,25,21,35,25,30,22,29,12,5,9,7,8,4,10,8,7,14,7,3,4,3,6,6,6,6,2,8,3,0,1,4,5
0,0,0,0,0,0,0,0,1,2,6,10,8,11,5,3,2,0,1,0,2,0,3,5,0,6,6,9,6,15,3,3,2,2,2,0,0,0,0,0,0,0,0,0,0,0,0,0,0,0
0,0,0,0,0,0,0,0,0,0,0,0,0,0,0,0,0,1,0,0,1,0,0,0,0,0,2,0,0,1,0,0,1,0,1,1,0,0,0,0,1,0,0,0,0,0,0,0,0,1
0,0,0,0,0,0,0,1,0,1,0,2,6,3,11,30,17,28,17,10,20,25,11,16,12,10,21,9,14,16,8,13,20,20,30,12,5,1,1,1,0,0,0,0,0,1,0,0,0,0
2,6,2,7,3,5,6,6,8,7,8,8,4,2,7,4,9,3,7,5,4,2,3,0,6,2,1,3,3,2,0,0,3,3,4,6,6,7,5,6,4,4,11,4,9,3,2,5,4,3
40,28,29,24,30,16,21,31,24,19,11,10,4,3,1,12,15,16,14,9,4,12,11,8,6,11,7,6,11,11,10,11,17,7,23,23,23,42,23,37,31,38,41,43,66,47,39,43,59,51
7,16,5,12,10,10,25,19,17,12,17,19,16,4,12,29,21,40,45,40,29,51,44,38,44,36,38,27,48,53,22,33,36,23,30,24,34,34,27,25,29,14,17,13,17,23,14,8,13,10
0,0,0,0,0,0,0,0,0,0,1,4,4,4,19,113,42,35,28,28,18,29,29,15,10,10,10,10,4,5,0,2,5,1,1,2,0,1,0,0,0,0,0,0,0,0,0,0,0,0
22,24,15,16,21,22,21,26,25,17,3,8,5,2,1,0,2,0,1,3,1,1,6,0,8,8,6,11,7,7,1,10,11,2,5,19,32,21,20,17,19,18,41,25,40,38,29,42,56,29
5,5,14,9,14,10,27,15,7,16,16,19,21,9,13,53,26,25,32,17,15,29,14,12,15,12,6,17,15,4,8,12,9,9,8,21,23,22,3,10,18,14,16,6,16,13,7,8,12,5
12,9,16,10,4,14,6,10,10,4,8,6,6,2,2,22,6,3,5,8,6,3,3,5,7,12,17,17,10,17,24,21,17,19,35,22,30,50,24,24,19,19,24,22,14,11,15,16,26,23
0,0,0,0,0,0,0,0,0,0,0,0,0,0,0,0,0,0,0,0,1,4,5,3,2,3,0,0,2,1,2,0,0,0,0,0,0,0,0,0,0,0,0,0,0,0,0,0,0,0
2,2,2,10,1,0,2,5,4,3,5,8,0,0,0,1,3,0,3,2,2,0,1,1,0,0,2,1,1,2,0,0,0,0,0,0,0,2,1,1,1,3,4,1,2,2,3,1,4,0
9,10,11,15,9,13,10,12,15,9,5,7,3,4,0,2,0,0,0,1,1,2,0,0,0,2,0,0,0,0,0,0,0,0,0,0,1,4,4,5,20,19,27,21,13,25,13,27,12,17
0,0,0,1,0,0,2,0,1,0,1,0,0,0,0,0,0,0,0,0,0,1,3,0,2,0,0,0,1,1,1,1,0,0,0,0,0,0,0,0,0,1,1,0,1,0,1,0,0,1
4,2,9,4,3,2,7,7,21,10,8,7,6,2,1,1,0,0,0,1,0,0,0,0,0,2,10,11,6,11,7,12,11,8,13,19,10,23,12,15,14,9,29,20,20,10,19,15,24,24
11,3,7,17,8,4,7,9,4,11,3,5,3,3,6,15,7,12,14,14,7,5,11,6,5,6,13,7,11,5,6,12,2,6,24,6,8,5,6,8,10,9,16,9,19,16,6,9,9,6
27,31,37,27,22,23,23,31,10,8,4,6,4,1,0,4,3,7,1,4,2,5,2,3,2,1,6,4,5,3,0,1,1,5,18,24,29,38,13,30,24,32,45,34,51,41,35,34,32,29
0,1,0,1,0,0,0,0,0,0,0,0,0,0,0,1,0,0,0,1,0,2,3,3,1,4,5,0,0,0,2,2,0,0,1,1,2,0,1,2,1,0,0,0,2,2,0,0,1,0
1,0,0,0,0,0,0,0,0,0,0,0,0,0,0,0,0,0,1,1,1,1,1,1,2,0,0,0,0,0,0,0,0,0,0,0,0,0,0,0,0,0,0,0,0,0,0,0,0,0
1,1,0,0,0,0,0,1,1,0,0,1,0,0,0,0,0,0,0,0,0,0,0,0,0,0,3,4,4,6,2,7,2,0,7,1,2,2,1,3,1,0,0,0,2,1,3,4,4,1
5,3,2,4,0,3,4,5,1,2,2,1,1,0,0,0,0,0,0,0,0,3,3,1,2,2,1,0,0,4,1,3,2,5,1,10,1,10,7,4,9,5,12,3,8,8,13,14,9,18
0,0,0,0,0,0,0,0,0,0,0,5,4,0,0,1,0,3,9,4,16,16,9,4,26,18,16,11,12,7,4,5,2,0,2,0,1,0,0,0,0,0,0,0,1,0,0,0,0,0
4,4,2,7,4,2,2,2,3,11,3,3,2,2,2,5,1,4,4,5,9,5,1,2,1,1,1,2,3,5,3,1,3,2,2,7,4,9,10,9,7,7,6,4,1,1,4,3,6,5
2,1,0,0,1,0,0,1,1,0,1,0,0,0,1,0,2,1,0,1,0,1,1,2,0,1,0,2,0,0,0,0,0,0,0,0,1,2,1,7,8,12,10,1,4,3,0,9,0,4
1,0,0,0,0,0,0,0,0,0,0,0,0,0,0,0,0,0,0,0,0,0,0,0,0,0,0,2,1,1,0,0,0,0,0,0,2,0,2,0,0,0,0,0,0,1,0,0,0,0
4,3,3,2,3,3,13,9,12,11,8,15,8,5,9,15,11,18,8,13,12,12,9,8,9,12,21,13,17,12,8,9,8,4,12,12,7,11,8,10,6,6,6,8,12,4,2,6,4,8
36,32,30,18,12,33,8,24,12,8,13,32,9,8,4,11,6,8,3,7,13,14,3,3,13,9,4,5,6,18,5,8,6,14,31,47,44,54,59,52,43,54,53,36,75,54,52,43,39,123
11,16,9,15,8,12,8,8,14,6,3,8,6,0,3,0,2,0,0,0,0,7,1,1,2,0,0,1,5,2,1,5,2,2,7,16,37,35,50,31,38,26,35,29,35,34,27,29,31,33
10,10,14,13,14,6,11,15,10,3,6,6,5,1,0,1,1,4,1,2,6,5,7,4,7,2,3,7,19,18,9,8,11,15,27,19,15,18,9,14,16,20,17,21,36,24,21,22,25,8
10,8,13,7,12,2,4,6,4,2,3,4,2,4,1,13,10,6,16,1,0,9,4,1,0,3,2,1,5,0,1,0,4,4,4,3,5,3,1,3,8,7,7,9,30,17,11,22,22,15
0,0,0,2,1,1,0,0,0,0,0,0,1,0,0,0,1,1,0,0,1,0,1,1,0,0,0,0,0,3,0,1,1,2,0,0,6,5,1,0,0,1,0,0,0,0,0,0,0,1
33,27,29,32,38,49,38,35,52,35,20,34,33,15,23,62,51,46,31,51,39,40,47,31,37,40,42,40,64,41,27,30,43,37,54,64,45,77,51,49,48,55,61,54,54,55,37,41,78,49
1,0,0,2,0,0,0,0,0,0,0,0,1,2,1,3,5,4,3,6,2,7,3,2,2,5,2,6,4,4,3,0,4,2,2,7,5,7,1,2,0,1,0,0,0,4,0,0,1,1
1,2,2,3,3,0,1,0,3,1,2,4,3,3,0,0,1,0,0,0,0,0,0,0,0,0,0,0,0,0,0,0,0,0,0,0,1,0,2,3,7,3,5,5,9,1,8,5,6,4
4,1,2,2,1,4,1,3,0,1,1,2,1,0,0,4,3,1,0,4,7,10,17,8,15,23,27,10,17,38,32,28,21,11,8,11,4,7,19,7,6,0,2,2,5,8,2,2,2,1
27,24,33,27,24,51,38,53,34,37,30,34,22,10,12,39,26,18,15,18,19,24,18,23,21,34,24,29,33,30,29,25,28,16,57,41,42,68,42,29,39,53,53,64,51,41,47,44,61,56
0,1,0,2,1,6,2,4,0,1,1,0,0,1,0,4,0,0,0,1,0,0,0,0,2,0,0,1,0,0,0,0,1,0,0,0,1,1,0,1,1,2,4,2,1,4,6,5,6,5
1,0,0,2,4,0,4,0,1,7,7,1,5,2,3,4,5,1,6,3,7,8,5,5,3,2,1,2,3,3,1,10,12,2,1,0,1,2,1,0,0,0,0,0,1,0,1,0,3,0
13,9,9,6,7,7,8,5,2,8,5,6,1,4,2,4,1,8,6,3,8,6,4,6,5,6,4,2,2,4,2,3,7,4,5,14,6,10,8,17,12,9,15,16,22,14,13,6,12,15
0,0,0,0,0,0,0,0,0,0,0,0,0,0,0,0,0,0,0,0,0,0,0,0,0,6,5,29,12,14,24,16,8,17,36,12,12,10,5,8,5,11,2,3,6,1,0,0,0,0
8,12,11,10,13,11,18,20,20,10,14,10,11,4,2,7,8,7,10,9,10,7,12,12,12,12,18,12,13,18,8,9,14,2,12,13,13,12,5,12,13,7,12,11,16,19,15,14,14,21
0,0,0,0,0,0,0,0,0,0,0,0,0,0,0,0,0,2,1,2,1,1,0,0,0,0,0,0,0,0,0,0,1,0,0,2,0,0,0,0,0,0,0,0,0,0,0,0,0,0
47,58,53,71,64,63,82,107,78,69,57,118,76,34,52,96,95,80,63,51,74,65,43,61,54,62,40,64,71,64,27,51,54,54,75,54,55,68,45,70,50,51,49,56,40,80,59,78,69,42
0,0,0,0,0,0,0,0,0,0,0,0,0,0,0,2,1,3,2,10,4,17,9,15,4,5,4,4,6,11,10,4,3,2,2,0,0,2,2,0,0,0,0,0,0,0,0,0,2,4
25,22,37,21,23,8,12,18,10,10,7,13,5,0,0,2,2,0,0,0,0,1,0,0,0,0,0,0,2,0,0,1,2,1,1,24,22,30,19,54,25,35,36,24,75,17,21,22,113,135
0,0,0,1,3,0,1,0,2,0,0,0,0,0,0,0,0,0,0,0,0,0,0,0,0,0,0,0,0,0,0,0,1,0,1,6,3,4,1,0,0,0,0,0,0,0,0,1,0,0
60,69,56,66,59,67,47,60,53,53,40,56,41,18,12,80,44,40,31,34,55,36,40,31,42,37,34,53,62,56,38,53,49,40,82,67,66,101,78,85,71,97,81,81,121,81,91,82,85,85
0,0,1,0,0,1,0,0,1,0,0,0,0,0,0,0,1,0,0,4,0,0,0,0,1,0,4,4,2,2,5,2,4,2,6,2,0,0,0,2,0,1,0,0,0,0,0,0,1,0
17,30,25,22,18,12,18,30,15,11,9,17,8,4,3,29,24,22,20,10,8,10,11,4,2,3,4,2,2,3,1,0,4,3,5,11,11,30,22,23,30,53,30,27,37,25,24,31,37,33
0,0,0,0,0,0,0,0,0,0,0,0,0,0,0,0,0,0,0,0,0,0,0,0,0,0,0,0,0,0,0,0,0,0,0,0,3,1,1,0,1,2,1,0,0,0,0,0,0,0
0,0,0,0,0,0,0,0,0,0,0,0,0,0,6,6,5,4,3,2,3,9,3,5,7,10,8,3,10,26,9,4,3,4,5,1,0,0,0,0,0,0,0,0,0,0,0,0,0,0
1,2,1,2,0,1,0,0,0,0,1,0,1,0,0,0,0,0,0,0,0,0,0,0,0,0,0,0,0,0,0,0,0,0,0,0,0,0,0,1,0,0,0,0,0,0,1,1,0,2
1,2,0,1,0,0,2,2,0,0,0,1,0,0,2,1,0,0,0,0,0,0,0,0,0,0,0,0,0,0,0,0,0,0,0,0,0,0,0,0,0,0,0,0,0,0,0,1,2,3
11,2,12,10,1,7,10,11,14,7,7,8,5,6,2,0,0,1,0,3,0,3,2,0,0,0,1,0,0,1,0,1,0,1,0,0,1,1,1,2,10,10,14,15,18,10,21,22,10,7
0,0,0,0,0,0,0,1,0,0,2,2,5,5,13,21,18,26,19,21,14,22,16,17,23,16,14,12,15,29,7,5,7,1,7,0,0,1,0,0,0,0,0,0,0,1,0,0,1,0
13,18,22,15,9,14,10,21,19,15,14,16,10,3,2,7,1,1,1,1,2,7,4,6,18,9,18,14,14,19,18,21,17,10,42,26,22,36,28,19,26,36,26,18,35,42,34,35,35,37
14,6,2,10,8,9,7,6,3,6,5,4,0,0,2,1,2,3,0,1,4,11,9,7,2,5,3,1,5,3,3,7,2,4,1,4,6,11,8,17,7,3,12,10,7,8,13,8,16,8
127,104,124,100,135,85,109,116,93,73,60,101,59,24,36,94,65,61,53,53,57,63,72,57,69,57,63,63,80,52,43,54,65,40,99,148,108,122,120,118,123,126,130,110,180,125,108,126,190,167
11,15,10,8,7,4,10,9,4,7,7,7,2,2,5,3,9,4,6,6,8,6,3,0,7,3,3,5,7,10,3,8,1,4,4,3,5,8,6,12,1,4,10,4,11,7,2,5,9,7
3,0,0,1,0,1,1,2,0,2,0,0,0,0,0,0,0,0,0,0,0,0,0,1,0,5,2,0,0,1,2,0,0,3,1,2,1,0,6,1,1,0,0,0,1,2,1,0,2,0
1,1,0,1,0,0,1,0,1,1,0,0,0,1,0,2,1,3,2,3,3,10,7,1,2,5,6,2,2,2,2,0,4,0,1,2,2,4,3,1,2,2,0,0,1,0,0,0,1,0
21,33,26,23,25,20,14,31,14,10,4,8,0,0,0,1,5,0,2,3,5,1,0,1,0,0,0,1,0,0,0,3,6,7,13,28,28,27,31,30,25,22,33,28,102,23,47,36,72,182
28,21,39,38,21,29,34,56,37,41,36,23,9,2,6,31,20,13,19,27,26,17,34,11,33,35,40,38,54,29,36,38,43,38,47,35,39,59,30,26,26,39,37,23,33,32,27,35,26,24
0,0,0,0,0,0,0,0,0,0,0,0,1,0,1,2,1,1,0,4,2,2,0,3,0,1,2,0,2,1,0,0,0,0,0,0,0,0,0,0,0,0,0,0,0,0,0,0,0,0
3,4,4,5,3,5,13,10,10,15,3,5,0,1,0,1,0,2,2,0,2,0,0,0,0,1,0,1,0,3,1,1,0,0,0,0,0,1,5,4,4,6,2,4,8,10,10,11,11,5
1,1,2,0,0,0,0,0,0,0,2,4,5,6,20,25,21,31,20,30,31,25,33,29,27,32,31,31,28,24,13,13,9,5,4,7,0,3,2,1,0,0,0,0,0,0,0,0,0,0
0,0,0,0,0,0,0,0,0,0,0,0,0,0,0,1,0,1,1,0,2,0,0,0,0,0,0,0,1,1,1,5,11,8,0,6,0,0,0,0,0,0,0,0,0,0,0,0,0,0
0,0,0,0,0,0,0,0,0,0,0,0,0,1,4,5,9,8,6,6,4,3,2,1,1,0,1,0,0,1,0,0,0,0,2,1,0,1,0,0,0,0,1,0,1,0,0,0,0,0
4,1,1,0,7,0,5,10,9,7,7,7,7,15,2,14,19,20,10,12,17,7,6,8,12,10,6,7,6,3,3,5,4,0,8,7,4,4,11,7,14,7,10,9,14,9,4,4,6,4
0,0,0,1,2,0,2,1,0,1,0,0,0,0,0,0,0,0,0,0,0,0,0,0,0,2,4,0,0,3,0,0,0,0,0,0,0,0,0,0,0,0,0,0,0,0,0,0,0,0
13,4,3,6,8,6,11,6,10,2,4,6,2,1,0,9,7,1,1,2,5,6,3,2,3,4,2,5,5,2,2,4,3,3,5,5,5,5,6,8,4,4,3,3,10,0,3,10,7,4
3,3,29,2,4,2,3,5,3,1,1,3,1,1,0,0,2,0,1,1,0,0,0,0,0,0,0,0,0,0,0,0,1,0,0,2,7,16,8,13,20,22,10,11,21,12,11,9,21,50
4,8,8,6,14,17,14,21,18,14,10,20,18,12,18,31,25,14,19,12,14,12,17,16,9,22,19,11,15,24,11,6,11,19,20,28,27,24,19,20,20,23,21,23,19,22,29,19,18,18
29,12,13,30,11,19,14,19,6,12,9,12,9,14,1,5,1,2,1,1,0,0,0,0,0,1,3,1,1,2,1,0,2,1,5,3,1,3,5,9,13,15,23,20,32,26,22,25,29,28
8,10,12,13,6,10,9,19,5,15,7,10,4,2,3,2,3,3,4,2,8,2,4,1,6,4,8,9,10,4,7,7,2,2,5,3,4,14,16,14,18,11,36,19,26,26,17,18,9,14
0,0,2,1,0,1,1,5,0,0,0,0,1,1,1,0,2,1,2,1,1,2,3,3,0,3,2,0,2,1,0,2,1,0,4,1,2,3,3,1,1,0,2,1,3,1,1,0,0,0
0,0,0,0,0,0,0,0,0,0,0,0,0,0,1,0,1,1,1,0,0,3,3,17,0,6,18,8,2,2,0,2,1,0,0,1,0,0,0,0,0,0,0,0,0,0,0,0,0,0
0,0,1,4,1,0,0,1,1,0,0,0,0,0,0,0,0,0,0,0,0,0,0,0,0,0,0,0,0,0,0,0,0,0,0,0,0,0,0,0,0,0,0,0,5,0,3,2,0,0
25,31,45,40,28,23,26,27,22,12,16,5,8,2,0,4,3,3,2,2,1,1,0,1,5,1,2,4,3,2,0,5,0,3,3,1,0,1,0,2,2,3,22,44,72,59,71,48,50,51
5,9,4,4,5,6,12,7,5,7,2,1,4,1,1,2,2,4,2,5,7,3,4,0,0,5,7,2,3,3,2,1,7,1,7,4,5,10,2,2,3,2,7,7,11,5,3,7,4,4
4,3,1,4,4,1,6,2,0,0,1,0,0,0,0,0,0,1,1,1,1,4,10,2,11,25,29,26,33,32,24,23,14,15,32,23,28,11,15,14,12,11,12,11,14,18,10,2,38,8
0,0,3,0,0,0,0,0,0,0,0,1,1,0,0,1,3,7,1,1,4,6,2,2,3,0,3,5,0,4,7,8,9,8,14,10,14,6,10,3,1,1,1,0,2,0,1,1,0,1
0,0,0,0,0,0,0,0,0,0,0,0,0,0,0,0,0,0,1,0,0,1,6,0,6,3,2,2,3,1,1,2,1,1,0,2,0,0,0,0,0,1,0,0,0,0,0,0,1,0
2,1,11,7,1,4,4,10,2,2,2,2,2,1,0,2,1,0,1,5,6,0,1,0,2,0,0,2,3,1,0,3,2,1,2,0,2,0,4,0,1,3,1,1,2,2,2,2,1,0
2,1,0,1,0,0,0,0,0,0,1,0,2,1,1,4,1,4,3,7,6,10,8,8,4,7,4,5,8,5,3,4,4,8,3,7,4,2,7,5,6,1,0,3,3,2,3,0,2,1
1,0,1,0,0,0,0,0,0,0,0,1,0,0,0,0,0,0,0,0,0,1,0,0,0,0,0,0,0,0,0,0,1,0,0,0,0,0,0,0,0,0,0,1,0,1,0,1,0,0
0,1,0,0,0,3,0,0,0,1,0,1,0,0,0,1,2,0,0,0,0,0,0,0,0,0,0,0,0,0,0,0,1,1,2,2,1,1,2,0,1,0,0,1,0,0,0,0,0,0
28,27,23,23,20,13,22,31,54,23,33,19,20,8,5,14,8,3,0,0,0,2,1,4,9,12,20,17,24,25,13,22,33,11,38,30,17,46,33,66,52,57,37,38,64,74,54,50,70,48
0,0,0,0,0,0,0,0,0,0,0,0,0,0,3,3,2,1,2,0,0,1,0,0,0,0,0,0,0,0,0,0,1,0,0,3,0,0,1,0,0,0,0,0,0,0,0,0,0,0
11,28,24,23,26,11,14,30,21,16,24,34,30,6,7,12,8,10,10,9,4,11,10,15,6,15,21,17,10,8,9,5,4,7,10,20,23,48,47,39,25,33,39,33,38,39,29,40,25,18
0,1,2,0,0,0,0,0,4,3,4,6,3,3,19,45,13,20,18,20,19,9,11,15,7,5,10,4,7,1,2,1,5,1,5,3,2,2,0,0,0,0,0,0,0,0,0,0,1,0
8,5,5,4,0,2,1,4,4,0,2,3,1,1,0,3,7,5,2,4,10,3,2,10,3,2,11,4,7,4,5,4,5,5,4,1,3,5,5,2,7,4,4,3,5,4,2,2,2,5
1,3,3,3,3,1,2,2,3,6,0,6,1,0,2,3,6,4,0,1,1,0,0,1,3,2,1,1,0,0,1,0,1,1,4,0,2,3,3,4,2,2,2,5,4,1,1,0,2,1
4,2,1,0,1,1,2,2,4,1,2,6,4,5,5,24,9,19,4,11,3,3,9,3,1,5,2,3,6,5,2,3,3,3,12,6,4,3,1,2,3,2,3,7,1,2,1,3,2,2
10,20,8,11,5,8,7,10,2,8,10,20,5,13,8,10,23,16,16,12,12,6,7,4,3,4,4,6,6,1,3,6,3,2,10,5,3,4,1,6,13,12,13,6,24,6,15,14,11,14
4,3,7,3,10,0,2,5,1,0,0,0,0,0,0,0,0,0,0,0,0,0,0,0,0,0,0,0,0,0,0,0,0,0,0,0,0,0,0,7,8,8,10,15,12,5,6,2,29,59
0,0,0,0,0,0,0,0,0,0,0,0,0,0,0,0,0,0,1,0,0,4,0,0,0,0,0,0,0,0,3,0,1,0,0,0,3,1,0,0,0,1,0,0,0,0,0,0,0,0
5,3,4,10,2,10,4,10,3,12,7,9,4,1,2,3,0,1,4,4,2,0,2,2,2,1,1,2,0,1,1,1,1,0,0,0,4,1,4,9,12,6,3,5,8,9,14,5,3,6
22,27,12,28,17,32,24,34,22,37,23,24,13,11,24,39,32,49,22,21,32,29,37,26,20,23,42,19,52,32,13,19,16,13,33,30,14,35,20,45,38,28,42,28,32,29,23,39,33,30
0,0,1,1,0,0,0,0,1,0,0,1,2,2,16,24,35,29,15,17,10,23,22,10,4,10,4,5,2,4,1,0,0,0,0,0,0,0,0,0,0,0,0,1,0,0,0,0,0,0
16,11,14,16,16,13,8,22,20,15,22,31,29,11,17,52,38,39,15,21,30,30,27,21,38,20,18,21,12,11,11,10,4,10,16,15,15,30,18,24,26,16,35,23,42,38,32,36,22,29
32,21,19,18,19,17,17,34,22,15,10,7,8,2,3,23,15,8,14,14,14,7,18,11,17,21,33,24,22,38,17,21,25,17,24,21,25,17,8,27,23,11,25,26,20,24,12,39,45,21
5,4,1,3,0,2,5,5,2,0,4,2,3,0,1,11,4,1,5,0,1,0,1,2,2,0,2,0,1,1,1,3,1,0,5,0,4,2,0,1,2,9,2,1,3,2,4,0,0,1
0,0,0,0,0,0,0,0,0,0,0,0,1,0,13,46,28,36,26,16,24,23,19,16,22,15,16,14,9,7,7,10,0,5,4,3,1,1,0,1,0,1,0,0,0,0,0,1,0,0
0,0,0,0,0,0,0,0,0,0,0,0,0,0,0,0,0,0,0,0,0,0,0,0,0,1,0,0,0,0,0,0,0,0,0,1,1,1,6,0,3,0,0,0,0,0,0,0,0,0
0,0,0,0,0,0,0,0,0,0,0,0,0,0,3,4,1,4,2,1,3,4,4,5,3,1,1,1,5,5,1,1,1,2,6,5,1,0,0,0,0,0,0,0,0,0,0,0,0,0
52,50,43,75,52,92,65,64,59,49,56,74,65,38,35,134,107,91,75,66,94,67,48,44,47,65,49,54,48,55,31,47,75,32,81,57,89,74,57,76,66,57,65,57,67,65,60,49,79,49
106,97,85,82,72,79,69,76,61,60,59,75,50,28,18,28,28,27,23,21,31,37,35,17,32,11,19,18,20,13,18,10,23,14,38,115,120,149,106,114,115,136,134,96,135,146,112,98,128,142
6,5,7,18,15,8,12,11,9,11,7,10,9,6,2,10,16,20,33,46,46,41,37,43,50,42,33,40,50,49,14,17,35,20,32,30,20,39,24,27,28,31,22,26,45,28,12,22,25,28
9,10,6,7,9,5,7,12,4,6,3,6,10,2,7,24,17,12,12,14,17,29,19,14,22,23,23,30,27,16,10,15,16,22,26,12,22,18,13,19,12,14,13,11,12,5,9,14,14,6
0,0,0,0,1,1,0,0,0,0,0,0,0,0,0,0,0,0,1,0,0,2,1,3,2,6,3,2,1,3,1,1,4,1,3,4,0,4,1,1,1,1,0,4,0,2,2,2,1,1
0,0,0,0,1,0,1,0,0,0,0,4,0,0,0,1,4,1,0,1,0,1,0,0,0,1,1,0,1,1,0,0,0,0,0,0,0,1,0,0,1,0,0,0,1,0,0,0,0,0
0,0,0,0,0,0,0,0,0,1,0,0,0,1,0,0,2,0,0,0,0,1,1,0,3,0,2,1,0,0,0,0,0,0,2,0,0,1,0,3,1,0,1,1,0,0,0,0,1,0
2,0,5,5,6,2,5,0,0,3,2,0,1,1,3,4,0,0,4,11,5,3,2,1,4,6,0,6,3,4,0,3,0,1,2,2,0,0,1,1,1,2,0,1,0,1,0,0,6,0
0,0,2,5,2,0,0,1,1,0,0,0,0,0,0,0,0,0,1,1,0,0,0,0,0,0,2,4,3,0,0,0,0,1,1,1,0,0,1,2,0,1,0,0,0,1,4,3,0,3
27,38,34,36,41,24,37,39,37,44,31,56,72,27,50,157,98,78,77,83,95,93,76,64,59,58,48,54,35,43,25,36,22,19,46,37,47,60,37,46,47,45,45,46,66,77,46,57,56,34
0,0,0,1,1,0,5,7,6,0,4,3,0,1,1,4,4,5,4,7,6,6,2,5,7,6,4,4,5,2,6,5,7,2,2,3,0,7,3,2,8,5,4,2,4,1,1,2,4,3
1,7,10,11,6,12,4,7,5,3,4,3,3,0,2,1,0,1,0,1,0,0,1,0,1,0,1,0,1,1,0,0,0,2,0,0,0,1,0,0,3,6,4,5,6,7,7,7,7,5
21,18,21,17,19,11,20,24,33,15,27,18,15,3,12,24,20,26,17,22,24,10,16,13,10,20,10,13,11,12,5,11,13,15,23,38,28,38,24,24,20,20,29,41,43,63,42,49,61,29
0,0,2,0,0,1,0,0,0,1,0,0,0,0,0,0,0,0,0,0,0,0,0,0,0,0,0,0,0,0,0,0,0,0,0,3,1,1,2,0,1,1,3,2,4,9,9,2,0,4
9,18,15,10,6,10,8,6,5,5,3,3,4,1,0,0,0,0,0,0,0,1,0,0,1,0,2,0,0,0,0,0,0,0,2,1,7,4,23,23,31,22,34,27,47,30,26,27,29,26
1,2,3,9,2,0,4,5,2,1,2,3,1,0,0,0,0,0,0,0,0,0,0,0,0,0,0,0,0,0,0,0,0,0,0,0,0,0,0,0,2,1,2,1,1,0,2,2,0,1
5,22,8,7,11,3,7,6,5,5,5,3,2,1,1,2,1,0,0,0,0,0,0,1,0,0,0,0,0,0,0,1,0,2,0,1,1,3,1,4,11,8,10,10,15,10,6,10,7,2
1,8,5,4,0,4,3,0,0,0,0,0,3,0,3,3,11,1,7,4,4,1,1,1,1,1,3,2,0,1,0,0,1,0,1,1,2,2,0,1,0,0,5,2,4,5,4,5,1,1
45,64,57,52,41,48,42,71,40,60,42,65,39,21,37,80,73,63,71,62,62,79,63,52,49,52,45,61,56,65,55,49,54,47,77,87,67,82,72,79,77,81,98,75,74,66,69,60,98,98
14,16,14,27,14,15,13,10,25,15,17,20,13,2,9,17,15,4,2,2,2,2,2,2,0,0,5,2,2,1,2,3,3,7,35,11,16,16,18,14,30,20,25,36,25,25,40,28,16,8
1,5,4,2,1,4,1,5,0,0,0,0,0,0,0,0,0,0,0,0,0,0,0,0,0,0,0,0,0,0,0,0,0,0,0,0,0,0,0,0,1,1,5,9,7,5,1,5,2,0
18,17,15,13,13,13,13,17,17,13,14,15,10,12,15,28,21,23,14,13,30,10,6,13,9,8,7,18,8,15,9,10,14,17,29,20,23,29,18,22,18,27,19,19,38,23,11,23,23,22
0,0,0,0,0,0,0,0,0,0,0,0,0,0,0,16,13,13,5,4,1,4,5,5,2,4,9,5,12,4,1,0,3,0,0,1,0,1,0,0,0,0,0,0,0,0,0,0,0,0
1,1,0,3,0,0,1,3,0,3,0,1,2,1,2,1,1,0,0,1,0,0,0,0,0,2,11,7,3,11,11,13,10,3,6,4,2,11,2,6,3,4,6,3,6,0,4,6,3,6
0,0,0,0,0,0,0,0,0,0,0,0,0,0,0,1,0,0,2,1,0,0,2,0,0,8,1,1,0,0,0,1,0,0,0,0,0,0,0,0,0,0,0,0,0,0,0,0,0,0
0,2,5,2,4,2,2,2,1,0,1,4,2,0,0,2,1,3,6,3,7,8,8,6,5,4,4,4,3,6,13,0,2,0,1,2,1,1,1,2,0,0,0,0,2,6,1,7,5,3
0,1,1,1,1,2,7,8,2,2,2,6,1,4,1,3,7,8,7,6,8,5,12,0,7,4,8,5,7,2,4,0,3,6,7,8,6,7,7,6,10,2,8,6,5,7,6,1,4,5
0,0,0,1,0,0,0,0,0,0,0,0,0,0,0,0,0,0,0,0,0,0,0,0,0,5,4,0,0,1,2,0,1,4,1,6,1,2,12,1,2,0,0,0,0,0,0,0,0,0
34,23,32,35,21,24,27,24,26,19,21,18,14,2,9,25,11,19,11,18,20,24,19,18,19,32,29,27,25,26,10,22,26,23,26,48,29,40,31,28,36,41,39,48,50,29,36,29,72,41
4,1,1,1,0,0,0,0,1,0,0,0,0,0,0,0,0,0,0,0,0,0,0,0,0,0,0,0,0,0,0,0,0,0,0,0,0,0,1,3,0,0,0,0,0,2,1,4,5,3
65,57,42,60,44,87,66,85,48,37,50,49,25,17,5,32,18,17,9,9,20,24,15,14,10,18,15,31,21,23,5,10,16,20,26,28,56,69,58,76,67,82,89,67,130,93,89,84,113,80
22,21,24,27,25,19,19,34,43,65,91,101,90,39,39,92,63,87,70,63,62,68,57,51,50,57,57,61,73,49,23,49,35,43,57,52,59,50,56,42,43,39,42,31,25,29,29,31,28,31
0,0,0,0,0,0,0,0,0,0,0,0,0,0,13,37,23,28,11,16,6,10,18,2,5,2,2,2,1,5,2,1,3,0,1,3,1,0,0,0,0,0,0,0,0,0,0,0,0,0
37,43,49,34,23,44,25,48,34,14,15,34,18,6,4,15,7,18,13,13,19,10,14,7,6,8,12,13,14,10,3,7,8,3,9,21,15,42,28,35,27,35,48,40,64,50,33,38,51,47
0,0,0,0,0,0,0,0,0,0,0,1,0,1,0,0,1,0,1,1,1,2,2,3,1,0,0,0,0,2,1,0,1,0,8,1,1,2,0,0,0,1,0,1,0,0,0,0,0,0
1,1,0,2,5,1,0,1,0,6,2,5,0,1,12,5,10,4,7,7,6,4,6,4,3,7,2,5,10,3,0,2,4,2,2,6,3,13,1,0,2,3,5,1,3,6,1,2,2,0
21,8,10,41,18,15,11,7,12,7,14,10,10,2,2,0,0,0,0,0,0,0,0,2,8,25,17,39,30,30,13,16,28,22,40,31,25,58,38,77,28,35,35,35,58,66,47,65,58,57
1,2,2,2,3,0,0,0,1,0,2,0,0,0,0,0,1,0,0,6,3,6,3,2,2,3,8,5,5,2,2,1,0,2,0,3,2,2,1,3,3,3,2,1,6,0,4,4,1,1
17,29,27,46,34,34,25,57,39,31,34,56,27,14,37,71,61,61,54,38,47,47,30,37,31,28,22,34,30,27,18,30,30,34,52,57,49,58,30,30,45,35,55,33,69,56,61,43,28,36
0,0,0,0,0,0,0,0,1,0,0,0,0,0,0,0,0,1,0,0,0,1,0,0,1,0,5,0,0,0,0,0,1,1,1,0,0,0,0,1,1,0,0,0,0,0,0,0,0,0
0,0,0,0,0,0,0,0,0,0,0,0,0,0,0,2,6,7,4,7,9,6,12,7,4,1,10,2,2,4,2,0,0,0,0,0,0,0,0,0,0,1,0,0,0,0,0,0,0,0
1,0,5,0,3,0,2,4,1,0,1,2,0,0,0,2,4,7,1,2,3,0,2,4,1,0,2,3,1,0,1,0,3,2,0,4,2,1,1,1,1,4,2,1,3,4,3,1,2,0
58,55,65,53,51,39,48,64,51,35,36,46,37,21,14,64,69,38,30,46,53,41,29,28,42,45,36,52,52,59,31,45,52,26,65,52,47,71,41,52,54,59,66,59,96,83,82,90,102,85
0,0,0,0,0,0,2,0,3,2,0,2,0,0,0,2,3,5,3,2,7,14,7,13,10,4,8,3,4,3,7,0,2,0,1,6,7,1,4,1,1,2,2,0,0,1,0,2,1,0
23,18,32,35,33,37,51,55,45,49,37,46,42,21,33,66,68,67,33,50,50,43,35,35,25,39,21,30,45,24,7,20,20,14,32,23,38,45,25,26,28,26,38,45,43,56,31,61,61,41
0,0,0,0,0,0,0,0,0,0,0,0,0,1,0,2,3,3,0,3,0,0,0,0,1,2,0,0,1,1,0,0,0,0,0,0,0,0,0,0,0,0,0,0,0,0,0,0,0,0
0,0,0,0,0,0,0,0,0,0,0,0,0,0,0,0,0,0,0,0,0,0,0,0,0,1,0,0,0,0,0,0,1,1,4,6,4,1,2,0,0,0,0,0,0,0,0,0,0,0
3,0,0,0,0,0,0,0,0,0,0,0,0,0,0,0,0,0,0,0,0,0,1,0,1,1,0,0,2,0,1,0,0,0,0,0,0,0,0,0,0,1,5,0,1,0,0,0,0,1
8,9,15,9,10,14,3,21,8,11,11,11,4,1,0,0,0,1,0,1,2,2,0,1,1,2,2,0,0,0,2,1,2,3,7,21,18,31,11,17,18,10,19,8,22,23,23,19,18,9
13,21,8,8,8,19,18,22,25,14,14,17,8,2,0,3,1,0,4,4,9,8,4,1,3,3,5,1,3,3,1,2,4,1,1,1,19,34,41,60,49,48,66,57,51,42,42,31,27,21
54,68,49,61,63,72,47,61,38,49,34,53,52,24,37,80,63,69,42,56,64,69,54,45,44,50,52,59,51,42,32,26,42,33,80,80,64,89,69,74,78,81,70,70,106,97,87,82,96,82
1,0,0,1,0,0,1,0,0,0,0,0,0,0,2,0,0,1,0,0,0,1,0,0,0,0,1,1,0,0,1,1,1,2,5,3,0,5,0,1,4,4,0,2,0,1,0,1,1,1
0,2,3,2,0,2,0,2,2,2,1,0,2,0,3,1,1,1,0,4,0,2,1,5,1,1,0,6,1,1,1,2,0,0,3,0,0,1,3,0,1,2,0,1,0,0,0,0,3,4
6,9,11,3,8,5,7,8,2,13,9,7,3,1,2,2,5,6,0,5,4,2,4,5,5,0,3,7,6,1,2,1,1,0,2,1,0,0,10,3,14,6,10,19,25,28,33,27,34,16
10,5,3,5,7,1,10,10,3,3,3,15,9,5,4,4,13,14,7,13,4,6,7,6,5,2,4,2,0,5,1,0,1,2,1,3,1,1,4,9,5,6,5,8,6,3,12,9,9,8
41,41,38,43,36,57,38,58,43,39,39,73,54,21,55,151,114,85,42,73,49,46,40,61,30,44,36,31,32,35,22,30,45,31,36,68,73,46,44,48,45,63,41,43,52,48,51,33,55,37
1,0,0,1,0,0,0,0,1,0,0,0,0,0,1,0,0,0,0,0,0,0,0,0,0,0,1,3,0,0,0,0,1,1,2,0,0,1,0,1,0,0,0,0,0,0,0,0,3,0
23,26,30,28,24,28,34,37,30,42,34,41,34,23,49,57,71,73,57,58,60,49,42,44,35,24,23,36,33,35,16,22,23,22,40,31,28,36,22,38,19,20,54,27,23,39,37,39,39,39
3,0,1,0,0,0,0,1,0,0,1,0,1,0,0,0,0,0,0,0,0,0,0,0,0,0,0,0,0,0,0,0,0,0,0,0,0,0,0,0,2,2,0,0,0,0,0,0,0,0
0,0,1,2,1,2,0,2,0,1,0,0,1,0,0,1,1,1,1,0,0,1,1,0,1,0,0,0,2,2,0,0,1,0,0,0,0,0,0,3,3,4,1,2,4,1,1,0,2,1
0,0,0,0,0,0,0,0,0,0,0,0,2,1,0,0,0,0,1,1,3,1,4,2,2,0,1,2,1,2,1,0,0,1,0,1,0,0,0,0,0,0,0,0,0,1,0,0,0,0
25,30,27,28,16,21,39,19,23,28,25,31,14,14,17,39,16,22,21,29,34,27,33,25,32,24,25,17,20,25,22,23,27,23,27,52,25,32,28,31,39,33,36,31,44,35,38,31,49,37
7,5,9,4,7,4,13,5,3,5,3,4,1,0,1,0,4,4,2,0,3,3,6,1,3,2,1,1,4,4,0,1,0,0,0,2,7,5,1,2,1,1,9,1,2,8,2,13,6,3
5,13,5,4,3,5,4,4,2,3,1,6,4,3,5,6,4,9,3,6,4,10,5,5,1,3,4,6,1,3,9,8,7,5,12,19,19,12,2,5,7,7,10,9,15,9,22,25,16,12
6,4,2,17,14,11,8,4,2,3,2,0,0,0,0,0,0,0,0,0,0,0,0,0,1,1,0,0,0,0,0,0,0,0,0,0,0,3,0,1,6,10,2,9,8,4,5,10,7,5
5,5,4,5,11,7,6,8,4,4,6,2,8,0,3,8,9,7,8,7,9,5,6,10,5,6,11,8,9,9,8,10,8,8,6,9,5,5,7,10,4,9,10,6,14,7,5,4,6,7
1,0,1,4,0,0,1,1,0,1,0,0,0,0,1,1,0,0,0,0,0,0,0,0,0,0,0,0,0,0,0,0,0,0,0,2,3,2,5,1,1,2,0,0,1,2,1,5,1,3
1,1,5,3,3,3,2,18,10,21,8,16,8,5,11,35,36,16,17,25,24,12,12,13,5,7,5,9,0,2,0,9,5,4,6,2,1,5,2,2,0,2,2,0,0,0,1,0,2,1
2,0,1,7,1,1,3,1,0,0,0,0,0,0,0,0,0,1,1,0,0,0,1,1,0,0,0,0,2,2,1,1,0,0,0,0,3,1,4,1,0,1,2,0,2,1,0,4,4,1
0,1,0,0,0,0,0,1,0,0,0,4,2,0,9,10,10,5,8,18,12,18,19,11,20,22,19,34,26,23,16,15,12,1,3,2,1,1,0,0,0,0,1,0,0,0,0,1,0,0
55,66,34,69,69,76,67,84,45,62,26,42,25,6,0,2,1,3,3,1,5,9,3,3,8,5,8,6,8,7,11,5,7,5,2,31,38,64,73,55,78,59,102,71,61,74,73,72,92,54
7,12,15,18,18,22,16,22,25,19,14,15,11,5,18,43,26,34,29,34,36,36,18,15,17,23,27,20,11,28,10,16,17,25,28,36,26,40,38,58,33,29,46,37,60,44,32,39,38,20
1,5,3,2,1,5,5,5,5,3,1,9,3,1,4,5,4,9,11,9,7,11,18,11,12,8,8,9,5,10,3,7,14,12,10,14,5,10,13,10,9,6,6,5,11,9,4,8,4,7
5,11,10,13,9,7,8,16,6,6,8,5,7,4,0,8,8,4,7,12,11,19,8,10,22,10,18,8,12,15,13,12,7,8,9,10,8,14,5,6,9,7,17,14,11,11,13,11,5,14
48,56,60,45,53,39,63,68,51,47,57,53,43,35,2,2,1,0,1,0,0,0,0,1,0,0,0,0,0,0,0,0,0,0,0,23,76,73,74,91,76,105,114,68,143,103,89,64,83,71
4,2,0,5,2,1,0,8,2,0,0,1,1,0,0,0,1,1,2,2,2,0,0,1,3,2,1,1,1,2,0,0,1,2,4,2,2,0,2,0,4,2,7,4,4,1,3,5,5,2
0,2,0,1,0,1,1,1,1,0,0,0,3,0,0,0,2,0,0,0,1,0,1,2,1,1,1,1,1,1,0,0,2,0,0,1,0,0,1,0,0,0,1,0,0,0,0,1,0,0
0,0,0,0,0,0,0,0,0,0,0,0,0,0,0,1,0,0,0,0,1,1,0,0,2,2,0,2,3,0,0,1,0,0,0,0,0,0,0,0,0,0,0,0,0,0,0,0,0,0
20,28,19,25,20,9,10,14,17,13,17,8,2,5,8,26,12,15,14,22,21,10,6,4,1,1,0,5,0,3,2,8,8,3,16,21,13,23,24,28,26,17,34,26,59,27,22,26,88,94
0,0,0,1,0,5,6,17,15,3,9,17,15,4,2,13,4,6,14,7,7,5,10,13,2,0,0,3,0,1,3,0,0,1,0,0,0,0,0,0,0,0,0,0,0,0,0,0,0,0
3,0,0,0,0,0,0,0,7,3,0,1,0,1,2,5,3,13,2,4,3,0,4,0,0,1,0,0,0,2,1,0,0,0,0,1,0,1,2,0,1,0,1,0,0,0,0,0,0,0
0,1,3,2,1,4,2,1,0,0,1,1,0,0,0,0,0,0,0,0,0,0,0,0,0,0,0,0,0,0,0,0,0,0,0,0,0,0,0,0,0,1,1,1,2,1,0,1,0,1
15,9,13,14,7,15,9,12,7,6,2,7,6,2,2,2,5,8,3,4,8,10,6,2,4,3,2,3,8,4,7,3,4,0,4,7,3,11,9,6,6,12,10,6,11,6,5,10,6,12
10,6,10,5,10,2,4,1,5,4,12,15,9,2,7,26,16,19,11,13,15,10,14,6,7,9,13,23,4,6,11,5,8,3,15,17,9,5,6,4,9,11,11,12,8,10,9,11,5,5
40,17,31,32,25,14,18,25,11,9,9,22,13,5,8,17,16,22,11,20,16,21,13,20,14,20,21,12,18,12,25,9,18,7,24,32,27,49,42,28,35,46,43,39,44,42,44,56,49,40
7,2,4,3,8,0,2,1,6,7,3,3,1,0,4,20,2,0,0,0,0,0,0,0,1,2,4,4,9,10,2,4,5,7,4,5,9,15,16,34,19,4,10,7,10,11,15,11,11,13
5,7,9,13,6,7,9,15,15,4,3,9,9,4,0,4,8,1,2,6,14,9,4,1,7,5,1,3,3,3,3,6,3,0,3,1,1,5,2,7,2,10,3,2,3,4,2,2,5,4
10,4,9,5,6,6,5,2,4,3,3,1,0,0,6,13,15,11,11,15,14,11,8,8,12,18,7,9,15,12,3,7,8,5,7,8,6,18,5,4,12,10,9,8,6,4,6,5,3,7
26,28,29,43,35,48,30,51,36,28,13,21,13,3,3,1,1,1,0,1,3,1,1,1,1,0,0,0,0,0,0,1,1,0,4,4,12,36,28,37,31,45,38,33,43,35,32,35,60,73
29,32,32,16,20,7,10,6,2,9,1,4,1,1,2,2,2,0,0,1,0,0,0,0,0,0,0,0,0,0,0,0,0,0,0,0,0,2,4,33,30,24,48,24,50,16,38,16,68,78
0,0,0,1,0,0,1,0,1,1,1,0,0,0,0,0,1,0,0,0,0,1,1,0,1,0,1,0,1,2,1,0,0,1,0,1,0,1,1,2,0,2,0,0,0,0,0,0,0,0
0,0,3,1,0,0,0,0,0,0,0,0,0,0,0,0,0,1,1,0,0,0,1,1,1,0,0,0,1,0,0,0,0,0,0,0,0,0,0,0,0,0,0,0,0,0,0,0,0,0
1,0,0,0,1,0,1,0,2,1,1,1,0,1,0,3,1,0,0,0,1,1,2,0,2,0,1,0,1,0,0,0,3,2,0,2,1,0,1,0,2,1,2,1,2,0,1,1,0,0
0,1,0,1,1,0,0,1,0,1,1,0,0,0,3,0,0,0,0,0,0,0,0,0,0,1,3,3,0,0,1,3,0,0,1,0,0,1,2,1,1,1,1,1,0,0,0,0,0,0
1,0,0,1,1,0,2,2,4,1,2,0,1,0,0,4,1,3,5,6,5,13,10,9,8,2,10,6,16,17,13,2,5,7,4,3,5,3,4,1,7,6,0,0,2,1,1,3,2,0
0,0,0,0,0,1,0,1,1,2,1,20,11,11,15,11,16,10,13,11,16,14,19,8,14,4,14,21,10,10,3,4,7,3,3,9,8,16,0,4,1,0,1,0,0,0,0,0,0,0
0,0,0,0,0,0,0,0,0,0,0,0,0,0,20,38,43,46,14,27,19,15,23,14,14,18,14,7,4,2,2,0,1,0,0,0,0,0,0,0,0,0,0,0,0,0,0,0,0,0
9,7,20,11,5,4,11,9,5,0,1,3,0,0,0,1,5,3,1,0,1,4,2,5,2,3,1,1,0,2,1,0,5,2,3,18,15,16,15,11,27,37,24,13,78,11,10,15,10,24
0,0,0,0,0,0,0,1,0,1,0,1,1,1,2,1,3,0,2,0,1,4,7,6,6,12,8,13,13,18,17,7,4,4,2,3,1,4,3,1,2,1,0,0,3,1,1,1,0,0
0,0,0,0,0,0,0,0,0,0,0,0,0,0,2,12,8,8,6,7,10,11,6,10,5,3,5,2,1,1,0,1,1,1,0,1,1,1,2,2,1,0,0,0,1,0,0,0,0,0
0,0,0,0,0,0,0,0,0,0,0,0,0,0,4,16,7,9,2,0,0,0,1,1,1,4,6,8,5,10,6,28,19,9,7,11,2,5,2,1,0,0,0,0,0,0,0,0,0,0
12,16,20,19,18,22,21,24,22,18,7,20,15,3,3,17,6,1,1,4,2,6,10,8,17,16,20,29,19,27,15,22,20,12,32,18,26,46,18,20,17,15,22,27,24,22,31,21,19,33
0,1,1,4,2,2,2,1,2,0,1,1,0,0,0,2,1,1,1,0,0,0,3,1,0,0,0,0,0,3,0,0,0,1,0,0,1,0,0,0,1,0,3,1,2,1,2,3,1,0
51,62,47,59,63,50,54,57,36,34,46,60,28,16,18,38,27,35,35,27,38,28,52,52,44,44,39,46,32,37,29,22,38,30,46,47,35,50,65,43,60,51,53,49,64,71,60,62,83,51
17,23,26,22,22,22,25,27,28,12,15,19,12,8,7,30,26,32,13,22,27,28,26,20,23,8,14,18,15,25,19,20,24,13,14,26,37,33,33,52,30,40,45,17,28,23,27,23,36,25
0,0,0,2,0,1,1,0,4,0,0,0,0,0,0,0,0,1,0,0,1,1,0,0,0,0,2,0,1,0,0,0,1,0,0,0,0,0,0,2,2,0,2,1,1,1,1,0,1,0
0,0,0,0,0,0,0,0,0,0,0,0,0,1,1,3,0,5,3,2,1,1,1,2,2,2,3,1,2,1,1,2,1,1,1,0,1,0,0,0,0,0,0,0,0,1,0,0,0,0
29,18,20,17,22,16,24,12,16,20,21,23,22,3,4,14,9,17,11,8,11,20,23,34,39,42,43,50,38,38,23,30,29,14,31,34,42,23,38,24,31,28,45,30,22,29,23,41,44,27
41,47,38,31,23,29,26,39,30,14,12,25,17,8,3,6,8,6,3,10,3,4,2,0,1,0,0,3,0,2,2,8,24,11,31,43,27,58,36,42,47,74,66,74,133,113,70,69,118,50
1,0,0,1,1,0,0,0,1,2,0,0,0,0,0,1,2,0,0,0,0,0,0,1,0,3,7,0,0,4,1,0,0,3,2,2,2,0,5,0,3,0,0,0,1,0,0,0,0,0
8,3,4,2,2,3,14,2,4,5,4,2,3,1,1,0,0,1,0,1,1,0,0,2,5,5,4,8,3,1,5,4,4,3,5,3,6,13,5,5,8,2,20,12,7,5,4,6,8,4
0,0,0,0,0,0,0,0,0,0,0,0,0,0,0,0,0,0,0,0,0,0,0,0,0,1,1,2,1,2,1,0,2,0,0,0,0,0,0,0,0,0,0,0,0,0,0,0,0,0
15,6,8,9,4,5,2,3,5,3,3,3,1,0,0,0,0,0,0,0,0,0,0,0,0,0,0,0,0,0,0,0,1,1,0,1,2,4,4,1,2,9,8,9,7,5,6,3,7,9
5,7,6,7,0,0,3,2,2,0,0,0,1,0,3,20,6,7,12,11,11,26,26,33,43,41,41,59,56,38,55,30,23,24,75,62,54,66,34,39,48,42,39,19,43,26,10,14,13,14
0,1,0,0,0,0,1,2,2,2,1,4,1,4,11,48,20,39,18,13,36,14,19,18,9,11,10,8,7,3,1,3,1,0,3,0,0,0,2,4,0,0,0,0,1,0,2,0,0,0
8,2,7,4,3,3,12,5,1,18,4,8,5,1,0,0,0,2,2,0,0,1,2,0,0,1,0,0,1,1,1,2,0,1,1,2,2,9,6,19,15,12,22,14,27,21,23,18,22,14
20,17,16,12,12,6,5,8,10,4,9,10,9,3,1,5,1,1,0,0,0,0,0,0,0,0,0,0,0,1,2,3,6,9,29,31,23,26,38,25,29,38,51,63,79,58,24,48,35,25
0,0,0,0,0,0,0,0,0,0,0,0,0,0,3,11,15,18,9,10,5,10,6,9,11,9,12,7,15,9,2,6,9,6,12,7,1,0,0,0,0,0,0,0,0,0,0,0,0,0
0,1,0,0,0,1,0,0,0,0,0,0,0,0,0,0,0,0,1,0,1,2,1,1,1,1,3,0,5,5,1,1,2,1,1,0,0,0,0,0,1,1,0,0,0,0,0,0,1,0
0,0,0,1,0,0,1,0,0,0,0,0,0,0,0,0,0,0,0,0,0,0,0,0,0,3,5,0,0,5,0,0,0,1,0,0,1,0,5,0,2,0,0,0,0,0,0,0,0,0
4,6,12,10,10,13,10,12,4,6,4,4,4,6,9,12,4,2,2,3,0,0,3,5,2,10,11,13,11,10,9,6,15,9,22,14,8,11,2,14,8,8,16,4,4,9,8,10,11,7
11,5,6,20,6,7,13,10,17,10,18,20,14,7,26,64,41,39,34,33,32,45,29,33,31,21,38,29,33,24,21,29,13,28,27,22,23,34,23,17,15,13,15,14,13,18,8,13,14,13
0,0,0,1,1,3,5,3,1,3,10,4,3,0,0,0,0,0,0,0,0,0,0,0,0,0,0,0,0,0,0,0,0,0,0,0,0,0,0,0,0,1,0,1,0,0,0,0,1,0
46,54,61,65,43,51,32,61,51,33,37,23,9,4,3,2,3,2,3,2,3,1,5,5,2,4,1,2,1,0,2,3,0,1,0,0,1,1,2,18,38,56,73,71,103,79,84,73,72,99
8,5,9,11,24,18,15,17,15,10,7,16,10,5,12,31,24,21,22,14,26,25,26,24,16,23,27,21,15,9,15,17,24,18,22,15,10,16,13,21,24,22,29,20,19,9,11,15,24,20
9,8,7,2,7,4,5,6,8,13,6,16,5,3,3,28,13,14,10,16,15,29,16,7,9,5,11,24,24,22,7,4,14,8,19,13,6,11,10,7,1,4,7,2,6,3,3,3,11,17
26,21,27,32,11,25,23,15,10,18,14,11,5,0,5,9,16,15,5,6,14,14,12,14,18,15,14,6,14,14,4,6,4,2,4,5,8,3,6,8,8,18,7,18,18,21,21,23,35,23
13,14,9,10,12,11,15,15,11,14,11,22,11,7,19,57,37,38,27,28,22,26,23,21,21,22,22,18,18,20,14,21,24,23,32,40,19,33,24,25,21,22,18,27,23,16,17,18,19,16
3,13,1,8,1,3,3,3,4,10,8,10,11,4,6,10,10,21,6,7,12,10,4,5,8,1,12,4,10,5,2,1,7,13,29,25,21,10,7,7,4,1,7,4,7,6,7,10,6,7
